price,retail_price,units_sold,uses_ad_boosts,rating,rating_count,category,product_color,product_variation_size_id,product_variation_inventory,shipping_option_price,shipping_is_express,countries_shipped_to,has_urgency_banner,origin_country
16.0,14,100,0,3.76,54,Pajamas,white,M,50,4,0,34,1,CN
8.0,22,20000,1,3.45,6135,dresses,green,XS,50,2,0,41,1,CN
8.0,43,100,0,3.57,14,coat,leopardprint,XS,1,3,0,36,1,CN
8.0,8,5000,1,4.03,579,shirt,black,M,50,2,0,41,0,CN
3.92,9,10,0,5.0,1,coat,blue,XS,1,1,0,40,0,CN
7.0,6,50000,0,3.84,6742,shirt,white,XS,50,2,0,31,0,CN
12.0,11,1000,0,3.76,286,dresses,blue,M,50,3,0,139,0,CN
11.0,84,100,1,3.47,15,dresses,black,M,50,2,0,36,1,CN
5.78,22,5000,0,3.6,687,shirt,beige,S,50,2,0,33,0,CN
5.79,5,1000,0,3.46,613,dresses,grey,XXS,2,2,0,25,1,CN
6.0,8,100,1,3.31,13,shirt,blue,XS,2,2,0,40,1,CN
5.79,42,1000,0,3.32,121,shirt,red,S,50,2,0,43,0,CN
2.0,2,20000,1,3.65,2457,dresses,yellow,S,1,1,0,36,0,CN
11.0,81,1000,0,3.92,426,shirt,black,S,50,3,0,41,0,CN
11.0,10,10000,0,3.72,2058,dresses,red,L,50,2,0,34,0,CN
5.0,25,100000,1,3.83,17980,blouse,white,S,50,1,0,41,1,CN
9.0,9,20000,0,3.82,5479,shirt,blue,S,50,3,0,43,0,CN
7.0,7,1000,0,3.67,214,vest,red,S,7,2,0,41,1,CN
11.0,10,5000,0,3.84,1183,beachwear,green,S,50,3,0,69,0,CN
5.0,6,20000,0,3.6,3552,shirt,black,S,11,2,0,41,0,CN
11.0,26,1000,0,3.38,72,shirt,army green,S,2,2,0,51,0,CN
7.0,6,5000,1,3.67,510,shirt,army green,M,50,2,0,138,1,CN
5.71,5,1000,0,3.75,678,shirt,black,XXS,19,2,0,43,0,CN
9.0,32,1000,0,4.15,567,shirt,army green,M,50,3,0,41,0,CN
9.0,9,1000,0,4.03,216,beachwear,,M,5,3,0,60,0,US
5.65,5,20000,0,4.29,2996,shirt,white,S,50,2,0,43,1,CN
1.74,2,100,1,4.25,12,vest,pink,XS,50,1,0,41,0,CN
5.65,6,1000,0,4.06,301,shirt,white,XXL,50,2,0,54,0,CN
14.0,76,100,0,4.06,31,dresses,,S,50,4,0,36,1,CN
5.65,6,1000,1,4.37,217,shirt,black,XXS,10,2,0,38,0,CN
8.0,7,1000,0,3.81,443,dresses,khaki,S,4,2,0,46,0,CN
2.66,3,5000,0,3.44,1136,shirt,black,M,50,1,0,22,0,CN
9.0,8,10000,0,3.8,1231,beachwear,yellow,S,50,3,0,45,0,CN
11.0,10,1000,0,4.16,274,shorts,white,S,50,3,0,31,0,CN
8.0,17,100,1,2.75,8,vest,blue,S,50,3,0,40,0,CN
14.0,12,5000,1,4.06,643,shorts,blue,XXS,2,3,0,43,0,CN
5.8,8,100,1,3.83,6,shirt,army green,XS,1,1,0,43,0,CN
13.0,13,1000,0,4.16,138,dresses,pink,S,50,3,0,41,1,CN
9.0,81,50000,0,4.26,5359,dresses,black,L,50,3,0,40,0,CN
7.0,68,10,0,1.5,2,dresses,white,S,50,2,0,43,0,CN
12.0,14,100,1,3.79,24,shorts,black,S,50,3,0,22,0,CN
3.69,40,100,0,3.53,59,shirt,grey,XS,2,1,0,24,1,CN
5.0,5,10000,1,3.82,3208,coat,white,,50,1,0,63,1,CN
5.84,56,100,0,3.28,36,vest,army green,S,50,1,0,43,0,CN
16.0,14,10,0,3.0,3,shirt,green,S,2,4,0,34,0,CN
13.0,50,1000,0,4.03,855,dresses,blue,S,50,3,0,32,0,CN
9.0,8,10000,0,3.18,1783,dresses,white,S,50,3,0,24,1,CN
7.0,6,100,0,3.8,61,shirt,black,S,50,2,0,45,1,CN
11.0,20,100,0,3.43,14,shirt,white,S,50,2,0,34,1,CN
5.84,11,1000,0,4.19,307,beachwear,blue,XXS,1,1,0,40,0,CN
1.0,11,1000,1,3.8,5,shirt,blue,XXS,37,1,0,41,0,CN
11.0,60,1000,1,3.38,37,Pajamas,white,S,49,2,0,25,1,CN
9.0,8,5000,1,4.03,889,dresses,blue,L,50,3,0,33,0,CN
1.0,10,100,0,3.56,52,dresses,white,XXS,2,1,0,40,1,
9.0,8,5000,0,4.06,743,shirt,orange,S,50,3,0,41,1,CN
6.0,6,100,0,4.0,8,dresses,white & green,XS,5,2,0,23,0,CN
11.0,68,1000,0,4.13,211,dresses,red,M,50,2,0,40,0,CN
7.0,6,50,0,4.0,4,shorts,blue,XS,50,2,0,139,1,CN
5.0,38,50,1,5.0,2,Pants,khaki,XS,17,1,0,33,0,CN
5.87,11,1000,1,3.91,209,Pajamas,white,S,6,1,0,29,1,CN
11.0,10,5000,0,3.72,1008,coat,white,M,50,2,0,25,0,CN
8.0,10,100,0,2.71,7,dresses,red,XS,4,3,0,20,0,CN
14.0,67,1000,0,3.81,187,shirt,blue,M,50,4,0,40,0,CN
2.0,9,100,0,3.47,32,dresses,white,XXS,1,1,0,40,0,CN
8.0,7,10000,1,3.93,1670,blouse,yellow,M,50,3,0,30,0,CN
5.79,30,1000,1,3.41,212,dresses,white,XS,50,2,0,118,0,CN
8.0,22,100,1,3.74,47,shirt,winered,S,50,3,0,41,0,CN
8.0,7,10000,0,3.82,2520,shirt,orange,M,50,3,0,14,1,CN
11.0,10,100,1,3.46,50,Pants,black,S,50,3,0,41,0,CN
8.0,33,10,0,5.0,0,vest,black,S,50,2,0,25,0,CN
9.0,33,50,1,4.5,4,shirt,white,S,50,3,0,41,0,CN
7.0,6,100,0,4.26,53,coat,army green,S,50,2,0,31,1,CN
11.0,10,10000,0,4.24,1045,shorts,purple,S,50,3,0,36,0,CN
8.0,92,100,0,3.56,16,shirt,yellow,S,50,2,0,55,0,CN
5.83,5,10000,1,4.22,2055,beachwear,whitefloral,S,1,1,0,35,0,CN
8.0,7,1000,0,3.42,373,dresses,pink,S,50,2,0,63,0,CN
5.77,5,100,1,4.0,4,dresses,army green,S,45,1,0,31,1,CN
5.9,5,10000,0,3.64,1933,dresses,grey,XS,4,1,0,30,0,CN
6.0,20,100,0,3.08,13,Pajamas,red,S,50,2,0,43,0,CN
7.0,6,50000,1,4.41,17444,shirt,green,M,2,2,0,35,0,CN
8.0,7,10000,1,3.7,1404,shirt,pink,M,1,2,0,48,0,CN
12.0,11,1000,0,3.81,341,dresses,black,S,50,3,0,13,0,CN
5.78,8,20000,1,4.0,3975,beachwear,pink,XS,50,1,0,29,0,CN
12.0,17,5000,0,3.94,387,shirt,white,S,50,3,0,43,0,CN
11.0,10,20000,1,4.07,3070,dresses,floral,L,50,2,0,35,0,CN
8.0,51,100,0,4.29,31,dresses,pink,S,50,2,0,43,0,CN
11.0,10,100,1,3.46,50,Pants,black,S,50,3,0,41,1,CN
5.77,48,100000,0,4.1,20744,dresses,black,XS,50,2,0,46,0,CN
9.0,8,20000,0,3.7,3820,dresses,grey,M,44,3,0,20,0,CN
1.72,2,100,1,3.77,30,shirt,fluorescentgreen,XS,10,1,0,48,0,CN
14.0,92,100,1,4.54,13,shirt,black,XS,50,3,0,36,0,CN
3.69,4,1000,0,3.64,212,vest,red,XS,5,1,0,24,0,CN
5.79,42,1000,0,3.32,121,shirt,red,S,50,2,0,43,1,CN
11.0,30,100,1,4.11,28,shorts,orange & camouflage,32/L,2,3,0,45,0,CN
9.0,8,100,1,3.18,72,coat,red,S,10,3,0,26,0,CN
6.0,8,10000,0,3.96,1338,shirt,black,L,50,2,0,43,0,CN
20.0,17,100,1,2.8,15,shirt,green,Suit-S,50,6,0,36,0,CN
5.66,5,5000,0,3.89,1161,shirt,black,S,50,2,0,42,1,CN
8.0,65,100,0,3.97,29,shorts,white,S,1,2,0,33,0,CN
8.0,7,1000,1,3.61,668,dresses,lightyellow,XXS,10,2,0,39,0,CN
6.0,6,1000,1,3.82,134,shorts,grey,S,1,2,0,35,0,CN
11.0,10,5000,0,3.96,1556,beachwear,black,S,50,3,0,23,0,CN
7.0,6,1000,1,4.2,107,dresses,white,XS,3,2,0,26,0,CN
11.0,10,10000,0,3.77,1694,dresses,red,XS,50,3,0,31,0,CN
14.0,12,10000,0,3.93,2946,dresses,blue,XXXXXL,36,4,0,26,1,CN
5.0,51,10,0,5.0,0,shirt,black,XS,1,1,0,36,0,CN
5.0,5,100,1,4.3,10,shorts,black,XXS,3,2,0,22,0,CN
11.0,10,1000,0,4.12,249,shirt,multicolor,S,50,2,0,21,0,CN
12.0,67,10,0,3.67,3,shirt,pink,XS,20,3,0,32,0,CN
11.0,10,100,1,4.0,12,shorts,black,S,50,2,0,32,0,VE
17.0,15,10000,0,4.16,3040,shorts,camouflage,S,50,5,0,52,0,CN
7.0,43,100,0,3.71,21,vest,purple,S,9,2,0,40,0,CN
12.0,85,50,1,4.75,4,coat,green,S,18,3,0,35,0,CN
7.0,6,100,0,5.0,2,vest,black,S,50,2,0,41,0,CN
7.0,33,50,0,3.0,2,vest,blue,S,50,2,0,41,0,CN
11.0,59,1000,0,4.11,135,dresses,yellow,M,50,2,0,41,0,CN
12.0,43,100,0,3.59,27,Pants,lightpink,M,50,3,0,42,0,CN
13.0,51,5000,0,3.61,127,shirt,yellow,S,50,3,0,43,1,CN
6.0,6,20000,1,3.99,1600,shirt,green,L,50,2,0,33,0,CN
9.0,56,100,1,4.03,30,shirt,black,XXS,3,3,0,19,0,US
5.86,5,1000,0,3.73,150,shirt,white,XS,6,1,0,30,0,CN
2.0,2,10000,1,3.99,980,blouse,green,S,1,1,0,23,0,CN
7.0,6,5000,0,4.38,996,shirt,grey,XS,8,2,0,41,1,CN
5.66,6,100,0,3.08,13,vest,black,S,50,2,0,35,0,CN
13.0,17,5000,0,4.11,792,dresses,pink,XS,6,3,0,43,1,CN
8.0,7,5000,1,3.6,1254,dresses,yellow,L,27,3,0,28,0,CN
8.0,7,20000,0,4.05,8904,beachwear,black,S,50,2,0,31,1,CN
16.0,76,100,1,3.53,38,blouse,red,S,50,5,0,58,0,CN
11.0,10,5000,0,3.72,1008,coat,white,M,50,2,0,25,1,CN
8.0,7,20000,0,4.16,6860,shirt,black,S,50,2,0,32,0,CN
14.0,12,1000,1,4.04,481,shorts,blue,M,50,4,0,41,0,CN
7.0,6,100,0,3.6,25,shirt,black,S,50,2,0,127,0,CN
12.0,11,20000,1,3.89,2294,dresses,pink,L,25,3,0,50,0,CN
7.0,50,1000,0,3.49,49,dresses,army green,S,50,2,0,132,0,CN
2.0,56,100,1,3.07,28,shorts,blue,S,2,1,0,26,0,CN
6.0,16,100,1,3.11,27,shorts,white,S,25,2,0,18,1,CN
8.0,7,1000,1,4.07,267,shirt,lightgreen,S,50,3,0,38,1,CN
8.0,84,20000,0,3.96,8960,beachwear,,S,50,3,0,125,1,CN
8.0,25,5000,0,4.0,32,blouse,blue,XS,50,3,0,43,1,CN
11.0,22,1000,1,3.97,359,shirt,black,XS,50,2,0,30,1,CN
3.66,4,5000,0,3.19,1080,shirt,green,S,2,1,0,45,0,CN
1.68,2,100,1,3.67,12,dresses,white,XXS,1,1,0,40,0,CN
13.0,11,1000,1,3.82,11,shirt,yellow,S,30,3,0,43,0,CN
11.0,16,100,1,2.92,12,coat,winered,S,50,2,0,16,1,US
7.0,9,1000,0,3.75,219,dresses,black,S,2,2,0,44,1,CN
9.0,8,5000,0,4.29,761,shirt,winered,M,50,3,0,55,0,US
18.0,115,100,0,3.68,177,dresses,red,M,34,5,0,51,1,CN
7.0,6,5000,1,3.63,601,shorts,khaki,S,50,2,0,41,0,CN
16.0,14,10,0,3.0,3,shirt,green,S,2,4,0,34,1,CN
5.0,8,1000,1,3.06,31,dresses,mintgreen,XXS,1,1,0,40,1,CN
1.68,2,1000,1,3.76,51,shorts,black,XS,1,1,0,30,1,CN
6.0,7,50,0,2.67,3,shirt,pink,S,46,2,0,8,1,CN
13.0,19,1000,1,3.76,151,shorts,black,S,50,3,0,12,1,CN
11.0,89,100,0,3.46,24,coat,black,S,50,2,0,52,1,CN
7.0,6,5000,0,3.29,1042,dresses,grey,S,4,2,0,46,0,CN
12.0,11,100,0,2.0,3,shirt,pink,XS,50,3,0,38,0,CN
6.0,17,100,0,4.14,93,shorts,black,M,37,2,0,74,1,US
6.0,17,5000,0,3.28,449,shirt,white,3XL,50,2,0,49,0,CN
8.0,7,100,1,3.89,9,shorts,green,S,25,3,0,28,0,CN
8.0,7,100,0,3.14,29,dresses,yellow,XS,5,2,0,32,0,CN
11.0,84,1000,0,3.98,792,beachwear,pink & grey,XL,50,2,0,137,0,CN
6.0,22,5000,0,4.04,548,beachwear,pink,S,21,2,0,55,1,CN
11.0,10,1000,1,3.76,168,shorts,black,M,50,3,0,42,0,CN
9.0,8,100,1,4.16,31,dresses,gray,S,20,3,0,35,0,CN
8.0,26,100,0,3.07,14,vest,black,XXL,50,2,0,40,1,CN
8.0,7,100,0,3.89,9,shorts,white,S,50,2,0,124,0,CN
6.0,145,100,1,3.83,52,beachwear,green,XS,49,2,0,49,0,CN
8.0,17,1000,0,3.96,288,shirt,white,M,50,3,0,32,0,CN
9.0,36,20000,0,4.09,4345,dresses,black,S,50,3,0,42,0,CN
5.65,5,5000,1,4.06,998,beachwear,black,S,50,1,0,65,0,CN
3.0,3,100,0,3.4,15,shirt,beige,XS,3,1,0,36,0,CN
8.0,10,50,0,3.8,5,dresses,blue,XS,5,2,0,23,0,CN
5.74,59,1000,0,3.99,71,shirt,winered,XS,3,1,0,43,0,CN
5.0,5,10,0,5.0,0,dresses,white,S,50,2,0,8,1,CN
8.0,7,20000,1,3.61,5641,dresses,multicolor,XXS,50,2,0,38,0,CN
3.67,4,10000,1,4.31,2072,beachwear,black,S,50,1,0,138,0,CN
7.0,50,1000,0,3.49,49,dresses,army green,S,50,2,0,132,1,CN
8.0,7,5000,1,3.69,894,dresses,yellow,S,17,3,0,33,0,CN
11.0,10,1000,0,3.64,357,dresses,blue,S,50,2,0,41,0,CN
8.0,7,50,0,4.0,6,shirt,blue,XS,4,3,0,42,1,CN
22.0,169,1000,1,3.38,542,dresses,white,M,50,5,0,35,1,CN
8.0,7,10000,1,3.7,2441,shirt,white,S,50,3,0,41,0,CN
19.0,26,1000,1,3.01,205,dresses,multicolor,L,10,6,0,47,0,CN
11.0,10,1000,0,3.67,215,dresses,pink,S,50,2,0,39,0,CN
6.0,6,1000,0,4.17,505,shirt,pink,XS,9,2,0,37,0,CN
7.0,56,5000,1,4.16,1378,shirt,pink,S,15,2,0,41,0,CN
7.0,6,10000,1,3.84,1978,dresses,white,XS,10,2,0,20,0,CN
8.0,11,100,0,2.81,21,coat,winered,S,50,2,0,17,1,CN
14.0,26,100,0,3.61,72,coat,grey,XS,2,3,0,39,0,CN
6.0,6,100,1,3.67,27,dresses,coffee,XXS,5,2,0,38,1,CN
11.0,12,5000,0,3.45,1045,beachwear,black,S,50,2,0,79,0,CN
6.0,21,5000,0,3.18,573,dresses,rose,S,13,2,0,34,0,CN
7.0,47,5000,0,4.02,556,shorts,multicolor,M,50,2,0,42,0,CN
6.0,76,10000,1,4.29,1741,dresses,black,S,50,2,0,32,0,CN
7.0,16,10000,0,3.71,1792,dresses,red,S,50,2,0,45,0,CN
9.0,65,1000,1,3.7,162,shorts,red,M,50,3,0,36,0,CN
8.0,10,50,0,5.0,2,dresses,yellow,XS,5,2,0,23,0,CN
11.0,84,100,1,3.61,18,Pajamas,gray,XS,5,2,0,27,0,CN
8.0,7,100000,1,3.76,11062,dresses,light green,M,10,2,0,38,0,CN
11.0,30,10,0,5.0,0,beachwear,,S,50,3,0,78,1,CN
4.83,51,50,1,2.0,1,shirt,white,XS,3,1,0,39,1,VE
8.0,7,100,1,4.57,7,shirt,black,XS,2,3,0,37,0,CN
5.85,13,1000,1,3.16,602,dresses,blue,XS,9,2,0,38,1,CN
11.0,10,100,1,3.96,25,Pajamas,red,XS,50,2,0,27,1,CN
9.0,34,100,1,4.44,18,shirt,black,M,50,3,0,39,0,CN
15.0,101,1000,0,3.91,646,coat,yellow,L,22,4,0,40,0,CN
5.0,5,1000,0,4.06,197,shirt,white,M,50,2,0,39,0,CN
8.0,7,100,1,3.52,23,shirt,pink,S,17,3,0,41,1,CN
6.0,6,100,0,4.0,8,dresses,white & green,XS,5,2,0,23,1,CN
8.0,8,5000,1,4.03,579,shirt,black,M,50,2,0,41,1,CN
6.0,41,5000,1,4.1,939,shirt,white,S,47,2,0,41,0,CN
11.0,89,100,0,3.77,48,dresses,orange-red,S,4,2,0,37,0,CN
1.72,56,100,1,4.0,6,dresses,red,XXXS,5,1,0,27,0,CN
5.78,26,10000,0,3.84,1426,shirt,white,S,50,2,0,37,0,CN
11.0,10,5000,0,4.23,1109,shirt,black,M,50,2,0,48,1,CN
12.0,11,1000,0,3.67,646,dresses,white,S,50,3,0,24,0,CN
8.0,42,1000,0,3.5,409,shirt,orange,S,50,3,0,41,0,CN
12.0,17,1000,0,4.21,103,shirt,white,M,50,3,0,43,0,CN
6.0,6,10000,1,3.6,569,dresses,pink,XS,2,2,0,20,1,CN
4.0,4,5000,1,4.28,1754,shirt,blue,XS,4,1,0,18,0,CN
7.0,33,100,0,2.75,8,shirt,blue,S,29,2,0,43,0,CN
8.0,7,100,0,3.9,21,dresses,purple,SIZE XS,50,3,0,21,0,CN
5.0,5,100,0,4.5,6,shirt,pink,S,50,2,0,45,0,CN
5.84,5,10000,0,3.45,1312,blouse,grey,S,43,1,0,48,0,CN
8.0,13,10000,0,3.99,2753,dresses,grey,S,50,3,0,44,0,CN
11.0,10,100,1,3.54,13,Pants,black,XL,50,2,0,42,0,CN
3.85,10,50,0,3.33,3,dresses,purple,XXS,7,1,0,25,0,CN
9.0,48,1000,1,4.01,135,shirt,purple,M,50,3,0,25,0,CN
8.0,9,7,0,5.0,0,dresses,orange,XXS,5,3,0,38,0,CN
11.0,10,1000,0,4.0,221,dresses,white,M,6,3,0,36,1,CN
6.0,13,20000,1,3.85,1124,shorts,red,S,50,2,0,40,1,CN
5.0,33,100000,0,3.98,13789,shirt,orange,S,50,1,0,41,0,CN
16.0,14,100,1,4.05,82,shirt,white,S,50,5,0,36,1,CN
13.0,11,100,0,3.91,11,dresses,yellow,S,50,3,0,28,0,CN
9.0,34,100,1,3.14,28,dresses,blue,XS,50,3,0,40,1,CN
7.0,6,100,1,3.64,11,dresses,pink,S,50,2,0,104,0,CN
6.0,6,20000,0,3.96,4082,vest,white,S,50,2,0,40,0,CN
8.0,7,10000,1,3.71,903,shirt,dustypink,S,50,2,0,35,0,CN
4.7,17,100,1,4.0,10,blouse,blue,XS,3,1,0,43,0,CN
4.0,4,10000,1,3.45,1412,shirt,white,XXS,46,1,0,45,1,CN
8.0,7,5000,1,3.57,309,shirt,white,S,50,2,0,41,1,CN
11.0,10,100,0,3.29,38,dresses,blue,M,50,3,0,80,1,CN
5.77,5,10000,0,3.85,2892,dresses,black,S,50,2,0,43,0,CN
8.0,84,10000,0,4.19,3679,beachwear,black,M,50,3,0,37,1,CN
14.0,13,100,0,4.5,113,dresses,grey,S,50,3,0,40,1,CN
6.0,26,100,0,3.25,12,shorts,black,XS,50,2,0,40,1,CN
13.0,11,100,1,4.0,4,shirt,yellow,S,29,3,0,42,0,CN
11.0,50,20000,0,4.22,2878,coat,White,M,50,3,0,43,0,CN
4.0,4,5000,0,3.39,783,shirt,pink,S,7,1,0,48,0,CN
5.77,16,1000,0,3.72,687,coat,black,L,50,2,0,44,0,CN
9.0,50,20000,0,4.17,2440,shirt,black,M,50,3,0,41,0,CN
11.0,16,10000,1,3.75,1586,dresses,black,XS,50,2,0,42,0,CN
7.0,6,50,0,4.0,4,shorts,blue,XS,50,2,0,139,0,CN
9.0,22,1000,1,4.24,131,coat,grey,S,7,3,0,51,0,CN
11.0,59,100,0,3.66,56,beachwear,winered,M,50,3,0,54,1,CN
11.0,10,20000,0,3.69,2160,dresses,red,S,50,2,0,37,1,CN
8.0,7,5000,1,3.53,876,shirt,blue,XXS,50,3,0,42,1,CN
11.0,10,10000,0,3.65,2422,shirt,white,S,50,3,0,46,1,CN
6.0,6,5000,0,4.07,844,dresses,white,XS,50,2,0,24,0,CN
5.0,6,5000,0,4.07,824,shirt,gray,S,50,1,0,41,1,CN
6.0,6,5000,1,3.92,609,beachwear,purple,XS,50,2,0,38,0,CN
8.0,7,5000,1,4.02,1061,shirt,black,S,50,2,0,43,1,CN
4.83,51,50,1,2.0,1,shirt,white,XS,3,1,0,39,0,VE
8.0,16,10000,0,4.04,1589,shirt,white,S,9,2,0,43,1,CN
3.0,3,100,1,4.29,58,shirt,black,S,5,1,0,34,1,CN
8.0,7,50,0,3.88,8,dresses,yellow,XS,1,2,0,25,0,CN
13.0,14,10000,0,3.74,1938,dresses,blue,S,50,3,0,18,0,CN
11.0,88,5000,0,4.1,1514,dresses,star,S,25,3,0,35,0,CN
7.0,22,10,0,3.5,4,shirt,pink,XS,3,2,0,37,0,CN
5.0,5,5000,0,3.97,538,shirt,white,XS,6,2,0,29,1,CN
6.0,6,1000,0,3.84,309,shirt,black,XXL,50,2,0,39,1,CN
13.0,11,100,1,4.0,4,shirt,yellow,S,29,3,0,42,1,CN
3.0,3,20000,1,4.12,2826,blouse,purple,S,6,1,0,49,0,CN
12.0,26,5000,0,4.16,663,dresses,white,S,50,3,0,43,0,CN
11.0,10,100,1,3.09,22,dresses,black,S,50,3,0,38,1,CN
8.0,118,10000,0,3.85,2519,beachwear,black,S,50,2,0,43,0,CN
5.85,13,1000,1,3.16,602,dresses,blue,XS,9,2,0,38,0,CN
6.0,6,100,0,3.07,55,dresses,black,XS,1,2,0,27,0,CN
9.0,57,1000,0,3.63,146,beachwear,black,S,50,3,0,71,0,US
8.0,7,1000,0,3.6,141,shirt,pink,S,50,3,0,24,0,CN
5.0,5,100,0,5.0,2,blouse,black,L,13,2,0,41,0,CN
8.0,7,50,0,3.71,7,dresses,grey,XS,5,2,0,23,0,CN
9.0,8,20000,1,3.94,4304,shirt,white,M,50,3,0,41,1,CN
8.0,7,10000,1,3.32,1061,shirt,purple,M,30,3,0,28,0,CN
14.0,104,100,1,3.44,71,shirt,orange,S,50,4,0,31,0,CN
8.0,26,100,0,5.0,13,dresses,yellow,S,50,2,0,33,1,CN
7.0,81,100,1,3.57,23,shirt,green,XS,30,2,0,43,0,CN
3.0,3,100,0,3.67,12,dresses,white,XXS,2,1,0,40,1,CN
8.0,8,1000,0,3.63,187,dresses,white,S,50,3,0,38,1,CN
8.0,10,100,0,3.5,6,dresses,yellow,XS,5,2,0,20,1,CN
12.0,11,5000,0,3.34,887,dresses,blue,S,50,3,0,14,0,CN
11.0,22,100,1,2.71,24,beachwear,black,4XL,1,2,0,43,0,CN
8.0,7,100,1,3.0,11,dresses,white,S,50,2,0,35,0,CN
8.0,7,100,0,4.39,111,shorts,multicolor,S,50,3,0,38,0,CN
6.0,30,1000,0,3.53,325,dresses,blue,S,50,2,0,41,0,CN
8.0,7,100,1,3.86,28,Pajamas,red,XS,2,3,0,28,1,CN
8.0,7,1000,0,3.58,605,blouse,white,S,24,2,0,36,0,CN
9.0,9,10000,1,3.74,2148,beachwear,white,S,50,3,0,44,0,CN
14.0,12,10,0,5.0,1,others,pink,M,5,3,0,41,0,CN
13.0,11,5000,1,3.88,1224,coat,red,XL,34,3,0,19,0,CN
4.84,5,100,1,4.09,57,shirt,white,XS,2,1,0,43,0,CN
5.0,5,1000,0,4.11,94,blouse,purple,L,50,2,0,43,0,CN
14.0,89,5000,1,3.43,647,dresses,orange-red,S,9,3,0,40,0,CN
7.0,6,10000,0,3.35,1786,dresses,pink,S,4,2,0,47,0,CN
5.0,5,50000,0,3.93,7088,shirt,blue,S,50,1,0,29,0,CN
9.0,8,100,0,4.07,27,dresses,yellow,M,50,3,0,22,0,US
9.0,8,1000,1,4.22,237,beachwear,black,M,50,3,0,138,0,CN
8.0,11,1000,0,4.13,127,dresses,apricot,S,50,3,0,15,1,CN
11.0,10,2,0,2.0,1,shirt,yellow,S,50,3,0,19,0,CN
19.0,17,5000,0,3.77,1163,beachwear,blue,,2,5,0,27,1,CN
8.0,25,10000,0,3.65,2324,shorts,yellow,S,50,3,0,39,0,CN
7.0,6,10000,0,3.91,1797,shirt,burgundy,S,50,2,0,32,0,CN
9.0,8,100,1,3.18,72,coat,red,S,10,3,0,26,1,CN
12.0,11,5000,0,3.11,434,dresses,pink,XS,3,3,0,29,0,CN
8.0,7,100,0,3.9,21,dresses,purple,XS,50,3,0,21,1,CN
7.0,6,1000,0,3.19,245,shirt,army green,M,50,2,0,43,0,CN
8.0,17,1000,1,3.93,426,vest,black,M,50,2,0,41,0,CN
8.0,7,10,1,5.0,0,blouse,grey,M,50,3,0,10,0,CN
11.0,10,20000,0,4.32,3648,coat,black,XL,1,2,0,39,0,CN
11.0,30,1,0,5.0,0,coat,army green,XS,10,2,0,33,0,CN
3.7,47,100,1,3.18,11,shirt,pink,XXS,9,1,0,38,0,CN
14.0,12,5000,1,3.75,1892,dresses,black,M,48,3,0,37,0,CN
11.0,10,5000,1,4.26,1273,dresses,multicolor,XS,50,2,0,38,1,CN
18.0,16,1000,1,3.63,477,dresses,yellow,S,50,5,0,27,1,CN
12.0,118,20000,1,4.29,4266,dresses,black,S,50,3,0,38,0,CN
14.0,43,1000,1,4.05,167,beachwear,leopard,S,50,3,0,43,0,CN
8.0,75,50,0,4.33,3,shorts,black,S,50,3,0,41,0,CN
3.73,9,5000,0,4.14,856,shirt,grey,S,50,1,0,44,0,CN
8.0,22,100,0,3.92,12,shirt,black,S,47,2,0,43,1,CN
18.0,27,5000,1,4.09,1903,shorts,blue,M,50,5,0,42,0,CN
4.0,4,100,1,4.07,46,shirt,yellow,S,50,1,0,48,0,CN
5.68,7,10000,0,3.89,1232,shirt,blue,XXXL,50,1,0,41,0,CN
14.0,12,5000,1,4.06,643,shorts,blue,XXS,2,3,0,43,1,CN
1.75,6,50,1,3.0,2,vest,black,XXS,1,1,0,35,0,CN
14.0,84,100,1,4.13,60,Pants,white,S,2,3,0,43,0,CN
8.0,7,1000,1,2.75,127,shorts,claret,XXS,5,3,0,25,0,CN
6.0,9,10000,0,4.04,2211,shirt,pink,S,50,2,0,41,0,US
5.89,5,5000,0,3.25,392,dresses,red,XS,2,2,0,24,0,US
5.0,5,1000,1,3.77,435,vest,white,M,50,1,0,39,0,GB
2.71,3,20000,0,4.03,7022,shirt,grey,S,50,1,0,38,1,GB
16.0,14,100,0,4.1,10,shorts,blue,S,50,4,0,44,0,GB
7.0,26,5000,0,4.01,542,shirt,white,S,50,2,0,37,0,GB
4.0,4,50,1,1.0,1,coat,blue,XS,20,1,0,44,1,CN
6.0,6,100,1,3.13,8,shirt,pink,S,50,2,0,41,0,CN
4.0,4,100,1,4.24,41,shirt,winered,S,50,1,0,50,0,CN
11.0,20,10000,0,3.92,2841,beachwear,blue,S,16,3,0,41,1,CN
12.0,59,5000,0,3.47,371,shorts,white,S,50,3,0,41,0,CN
11.0,11,1000,0,2.99,228,coat,winered,S,50,2,0,17,0,CN
5.7,58,50000,0,3.45,8164,beachwear,black,XL,50,1,0,45,0,CN
8.0,17,5000,0,4.47,907,shirt,black,S,50,2,0,40,0,CN
9.0,8,1000,0,3.58,81,shirt,purple,S,50,3,0,43,0,CN
5.72,9,100,0,2.5,4,Pants,grey,XS,5,1,0,33,0,CN
2.0,10,100,0,3.2,10,dresses,white,XXS,1,1,0,41,1,CN
9.0,9,1000,0,4.16,129,vest,purple,S,50,3,0,43,0,CN
15.0,13,10,0,4.0,4,shorts,white,S,50,4,0,42,0,CN
20.0,17,50,0,4.17,12,shirt,red,S,50,6,0,36,0,CN
6.0,9,1000,1,3.67,304,shirt,white,S,50,2,0,42,0,CN
3.0,3,1000,1,3.08,109,dresses,black,XXS,1,1,0,38,0,CN
9.0,10,10000,0,4.15,2587,dresses,red,XS,50,3,0,31,1,CN
8.0,8,10000,1,3.98,1612,shirt,black,S,50,3,0,42,0,CN
12.0,75,100,1,2.82,28,dresses,whitefloral,XS,1,3,0,38,0,GB
11.0,13,100,1,3.8,5,coat,blue,XL,10,2,0,41,1,CN
9.0,22,100,1,3.3,10,vest,white,S,50,3,0,43,0,CN
7.0,6,1000,0,4.33,144,vest,white,M,50,2,0,34,0,CN
5.92,9,100,1,3.71,17,shirt,blue,XS,18,1,0,43,0,CN
8.0,48,1000,0,4.34,794,vest,blue,XS,50,2,0,9,0,CN
11.0,134,100,1,3.54,28,dresses,black,S,50,3,0,46,1,CN
8.0,7,10000,1,3.62,2069,shorts,black,5XL,50,3,0,38,1,CN
15.0,115,50000,1,3.94,6735,dresses,white,M,2,4,0,38,0,CN
8.0,7,20000,1,3.59,2189,shorts,beige,M,38,2,0,23,0,CN
5.65,26,100,0,3.67,33,others,blue,Size M,50,1,0,32,0,CN
13.0,11,100,0,4.35,26,shorts,pink & white,XS,50,3,0,139,1,GB
16.0,106,100,0,4.07,76,dresses,white,M,50,5,0,40,0,CN
5.83,5,100,0,4.36,22,vest,yellow,XS,3,1,0,24,0,CN
7.0,7,5000,0,3.32,579,dresses,black,XS,50,2,0,31,0,CN
8.0,27,5000,1,3.98,921,dresses,black,S,1,3,0,43,0,CN
5.65,9,5000,0,4.23,1002,shirt,winered,L,50,2,0,20,1,CN
1.8,2,1000,1,3.68,76,dresses,lightgreen,XS,4,1,0,20,0,CN
7.0,6,100,1,3.0,22,vest,black,XXL,50,2,0,41,1,CN
1.75,6,50,1,3.0,2,vest,black,XXS,1,1,0,35,1,CN
9.0,108,1000,0,4.06,252,shorts,black,S,50,3,0,42,0,CN
12.0,11,1000,0,3.49,201,dresses,blue,M,50,3,0,139,0,CN
8.0,7,1000,0,3.84,132,shirt,white,S,50,2,0,31,0,CN
5.0,5,100,0,4.5,6,shirt,pink,S,50,2,0,45,1,CN
11.0,10,1000,1,3.74,54,dresses,black,XS,50,3,0,41,0,CN
8.0,7,10000,0,3.54,2006,dresses,white,XS,50,3,0,31,1,CN
7.0,6,100,0,4.0,6,dresses,beige,XS,7,2,0,24,1,CN
6.0,13,1000,0,3.51,79,shirt,pink,S,50,2,0,43,0,CN
13.0,25,100,1,3.42,79,dresses,rosered,S,50,3,0,41,1,CN
7.0,50,1000,1,4.08,408,shirt,black,S,50,2,0,41,1,CN
13.0,11,1000,1,3.5,64,shorts,red,S,10,3,0,30,0,CN
12.0,14,50,0,3.88,8,shorts,black,S,50,3,0,22,0,US
5.71,13,1000,1,4.23,317,dresses,red,S,50,1,0,38,0,US
11.0,51,100,1,3.0,4,shirt,white,S,50,2,0,43,0,US
3.79,49,20000,0,3.93,8412,shorts,red,XS,2,1,0,8,0,US
8.0,10,100,0,3.39,18,dresses,blue,XS,3,2,0,23,0,US
2.0,3,20000,0,4.09,6689,shirt,white,S,50,1,0,38,0,US
6.0,22,1000,0,3.74,518,dresses,yellow,S,50,2,0,38,1,CN
6.0,6,50,0,4.2,15,dresses,white & green,XS,5,2,0,20,0,CN
13.0,11,100,0,3.75,4,shirt,winered,XS,35,3,0,43,0,CN
8.0,25,1000,1,4.25,220,shorts,pink,M,50,3,0,43,0,CN
11.0,10,5000,0,4.05,654,shirt,black,M,14,3,0,54,0,CN
11.0,152,1000,0,3.91,808,shorts,blue,XS,50,2,0,43,0,CN
8.0,7,5000,1,3.8,757,shorts,grey,S,50,3,0,44,0,CN
1.65,2,1000,1,3.67,191,dresses,white,XXS,1,1,0,38,0,CN
8.0,22,10000,0,3.7,904,shorts,black,S,50,3,0,43,1,CN
12.0,11,1000,1,3.76,899,dresses,white,S,20,3,0,43,0,CN
9.0,8,10000,1,3.84,1982,shirt,white,M,50,3,0,30,0,CN
8.0,7,20000,0,3.33,3216,dresses,black,M,50,2,0,43,0,CN
11.0,50,100,1,3.0,9,dresses,black,S,50,3,0,36,0,CN
11.0,10,1000,0,4.29,410,dresses,blue,XS,50,2,0,21,0,CN
9.0,8,5000,0,3.75,429,shirt,red,S,50,3,0,41,0,CN
7.0,13,10000,0,3.12,567,shirt,army green,M,50,2,0,42,1,CN
6.0,6,100,0,3.93,41,beachwear,black,S,50,2,0,38,0,CN
7.0,14,100,0,4.24,50,blouse,red,L,50,2,0,43,1,CN
1.65,2,1000,1,3.67,191,dresses,white,XXS,1,1,0,38,1,CN
11.0,106,20000,1,3.92,10150,dresses,white,S,12,3,0,45,1,CN
11.0,85,1000,1,4.08,454,coat,green,S,50,3,0,40,1,CN
7.0,6,1000,0,4.12,442,dresses,black,S,50,2,0,47,1,CN
8.0,72,1000,0,4.01,153,beachwear,black,S,50,2,0,41,0,CN
15.0,13,5000,0,3.95,1632,shorts,blue,S,34,4,0,41,0,CN
7.0,6,10000,0,4.41,3078,shirt,rosered,S,2,2,0,17,0,CN
11.0,10,100,1,3.08,39,dresses,pink,XS,3,2,0,47,0,CN
6.0,10,1000,0,3.0,87,dresses,yellow,XS,3,2,0,20,0,CN
8.0,10,100,0,4.07,58,dresses,white & green,XS,3,2,0,23,1,CN
2.0,2,100,1,2.92,12,shorts,blue,XL,1,1,0,25,1,CN
8.0,13,100,0,4.04,57,vest,grey,M,50,2,0,51,0,CN
22.0,159,1000,0,4.04,235,shirt,black,S,50,5,0,80,0,CN
11.0,10,1000,0,3.89,140,dresses,white,XS,50,3,0,42,0,CN
6.0,6,1000,1,3.73,142,shirt,yellow,S,50,2,0,50,0,CN
6.0,38,5000,0,4.22,958,shorts,black,M,50,2,0,40,1,CN
9.0,50,100,1,3.84,37,shorts,grey,S,50,3,0,42,0,CN
12.0,11,20000,1,3.64,1711,Pants,black,S,29,3,0,36,0,CN
6.0,6,20000,1,3.71,2706,dresses,black,XXS,49,2,0,38,1,CN
9.0,33,5000,0,3.81,719,vest,black,S,50,3,0,45,0,CN
18.0,47,100,0,4.62,34,shorts,black,2XL,5,5,0,82,0,CN
11.0,108,5000,0,2.95,299,coat,orange,S,50,3,0,52,0,CN
13.0,13,1000,0,3.7,332,dresses,black,S,10,3,0,52,1,US
11.0,38,20000,1,3.66,8971,dresses,black,S,50,2,0,42,0,CN
11.0,10,1000,0,4.09,100,shirt,purple,XXS,4,2,0,20,0,CN
11.0,10,100,0,4.14,51,dresses,white,S,50,2,0,43,0,CN
9.0,34,50,0,5.0,0,vest,white,S,6,3,0,41,0,CN
6.0,7,50,0,2.67,3,shirt,pink,S,46,2,0,8,0,CN
2.83,3,20000,1,3.62,1742,dresses,grey,XS,5,1,0,20,0,SG
7.0,159,5000,0,3.39,1632,coat,army green,S,50,2,0,41,0,CN
15.0,28,100,1,3.23,69,dresses,blue,S,50,4,0,51,0,CN
14.0,68,5000,1,3.44,734,dresses,white,S,50,3,0,40,0,CN
12.0,14,10,0,5.0,0,shorts,black,S,50,3,0,22,0,CN
16.0,22,100,1,3.15,72,shirt,grey,M,39,4,0,34,0,CN
7.0,6,100,0,3.8,61,shirt,black,S,50,2,0,45,0,CN
8.0,42,1000,0,3.95,449,shirt,black,M,50,2,0,40,0,CN
12.0,13,10000,0,3.56,893,dresses,white,S,50,3,0,42,0,CN
11.0,76,1000,1,4.1,364,dresses,floral,S,50,2,0,40,0,CN
11.0,14,1000,0,3.93,651,shorts,leopard,S,19,3,0,83,1,CN
12.0,11,100,1,3.28,40,dresses,black,4XL,50,3,0,38,0,CN
7.0,6,100,0,3.6,25,shirt,black,S,50,2,0,127,1,CN
7.0,13,50000,1,3.35,9075,shirt,gray,S,50,2,0,40,0,
5.66,5,10000,1,4.29,2068,shirt,grey,2XL,50,1,0,138,0,CN
8.0,7,20000,0,3.39,2877,dresses,,S,50,2,0,47,0,CN
5.0,5,10000,1,3.88,1109,shirt,pink,M,2,2,0,50,0,CN
14.0,13,5000,0,4.16,2082,beachwear,black,S,50,3,0,31,0,CN
6.0,47,1000,0,4.28,134,shorts,multicolor,S,50,2,0,43,0,CN
8.0,7,10000,0,4.02,2694,beachwear,blue,S,50,3,0,31,0,CN
11.0,21,1000,0,4.08,545,beachwear,white,2XL,17,3,0,70,1,CN
1.85,11,100,0,3.9,97,dresses,black,XXS,2,1,0,40,0,
9.0,8,5000,1,3.61,1926,shorts,black,XXL,50,3,0,41,0,CN
8.0,56,10000,1,3.59,1285,shorts,black,M,50,3,0,36,0,CN
3.0,3,50000,0,3.81,11408,blouse,wine red,S,50,1,0,38,1,CN
6.0,17,5000,1,3.9,813,shirt,white,XS,50,2,0,38,0,CN
3.86,6,50,0,4.0,6,dresses,white,XS,4,1,0,20,0,CN
9.0,8,5000,0,4.03,827,coat,black,S,50,3,0,42,0,CN
5.89,5,5000,0,3.25,392,dresses,red,XS,2,2,0,24,1,SG
11.0,17,1000,0,3.62,462,shirt,mintgreen,M,50,3,0,36,1,SG
8.0,7,20000,1,3.95,9337,shorts,black,XXL,50,2,0,38,0,SG
8.0,140,10000,1,4.17,1910,shirt,blue,S,50,3,0,19,0,CN
11.0,168,10,0,3.33,3,shorts,white,S,3,3,0,33,0,CN
11.0,168,10,0,3.33,3,shorts,white,S,3,3,0,33,1,CN
8.0,7,100,0,2.0,2,coat,black,XXS,46,3,0,41,1,CN
2.0,8,50,0,3.88,8,dresses,gray,XXS,1,1,0,40,1,CN
5.66,5,100,1,3.41,27,shorts,black,XXL,50,1,0,48,0,CN
9.0,8,100,0,4.1,10,shirt,purple,XS,10,3,0,26,1,CN
8.0,9,100,1,4.08,61,coat,red,M,2,3,0,39,0,CN
9.0,8,1000,0,3.78,282,shirt,red,S,15,3,0,43,0,CN
2.76,17,1000,1,4.33,49,blouse,green,XS,3,1,0,43,0,CN
3.83,4,100,0,3.57,67,coat,lightred,XS,1,1,0,38,0,CN
7.0,9,10000,1,4.47,1838,shorts,black,S,50,2,0,43,1,CN
6.0,43,1000,0,3.46,566,coat,pink,M,15,2,0,43,0,CN
8.0,21,100,0,4.06,36,beachwear,white,M,50,2,0,48,0,CN
8.0,9,1000,1,4.16,45,dresses,grey,S,50,3,0,42,0,CN
2.66,3,100,1,2.67,12,shorts,yellow,S,1,1,0,30,1,CN
8.0,85,20000,0,3.37,5685,dresses,multicolor,XL,50,3,0,47,0,CN
8.0,7,1000,1,3.55,120,shirt,blue,XS,49,2,0,42,0,CN
3.67,9,5000,0,3.32,510,beachwear,white,XL,15,1,0,111,1,CN
12.0,81,20000,0,4.08,1799,dresses,white,M,50,3,0,38,0,CN
13.0,11,20000,1,4.06,4378,dresses,blue,S,50,3,0,43,1,CN
9.0,8,5000,1,3.89,740,dresses,grey,XS,2,3,0,26,0,CN
9.0,85,50,1,4.63,8,shirt,white,XS,18,3,0,36,0,CN
8.0,7,100,0,3.38,42,dresses,yellow,XS,50,3,0,14,0,CN
12.0,11,10000,0,4.14,3560,dresses,blue,S,50,3,0,30,1,CN
5.0,75,100,1,3.8,15,vest,black,M,50,2,0,43,1,CN
6.0,6,5000,0,4.27,901,dresses,black,XS,50,2,0,31,0,CN
14.0,12,1000,0,3.7,511,dresses,yellow,S,29,4,0,27,1,CN
8.0,7,5000,0,4.34,719,shirt,white,S,1,2,0,43,1,CN
8.0,59,20000,1,4.03,5929,dresses,white,S,15,3,0,42,0,CN
8.0,7,20000,0,3.41,5781,dresses,,S,50,3,0,40,0,
18.0,16,20000,0,4.23,4421,beachwear,black,M,50,5,0,10,0,CN
11.0,10,100,1,3.12,25,shirt,orange,S,9,3,0,55,1,CN
6.0,6,100,1,3.67,27,dresses,coffee,XXS,5,2,0,38,0,CN
8.0,7,1000,0,4.37,578,beachwear,yellow,XS,50,3,0,31,0,CN
11.0,59,100,1,4.33,3,shirt,white,S,50,3,0,41,0,CN
7.0,26,5000,0,4.01,542,shirt,white,S,50,2,0,37,1,CN
11.0,10,100,1,3.56,71,Pants,army green,4XL,50,3,0,35,1,CN
11.0,10,100,0,3.96,98,shirt,coralred,M,50,2,0,42,0,CN
3.0,3,50,0,4.25,4,dresses,orange,XS,1,1,0,27,1,CN
5.0,8,5000,1,3.51,747,shorts,grey,XS,1,2,0,40,1,CN
9.0,43,1000,0,4.74,47,shirt,green,S,50,3,0,41,1,CN
8.0,7,1000,0,3.61,233,dresses,pink,XS,1,2,0,26,1,CN
9.0,8,20000,1,3.88,6360,dresses,multicolor,XS,50,3,0,39,1,CN
11.0,10,20000,0,3.73,8609,shirt,black,S,50,3,0,41,0,CN
11.0,84,20000,0,3.53,3572,dresses,brown,XS,50,3,0,60,1,CN
7.0,6,10000,0,4.34,3079,shorts,camouflage,M,41,2,0,37,0,CN
7.0,6,100,1,3.67,18,shorts,khaki,M,44,2,0,23,1,CN
8.0,7,100,0,4.0,13,dresses,white & green,XS,5,2,0,23,0,CN
7.0,6,5000,0,4.38,996,shirt,grey,XS,8,2,0,41,0,CN
3.7,9,10,0,2.25,4,vest,black,XXL,2,1,0,35,1,CN
8.0,7,1000,0,4.11,439,dresses,red,XS,50,2,0,31,0,CN
3.94,8,100,0,3.9,21,Pants,army green,XXS,1,1,0,39,1,CN
15.0,13,1000,0,4.41,277,dresses,white,XS,50,4,0,32,0,CN
5.0,5,1000,1,3.74,149,dresses,black,M,7,2,0,36,0,CN
5.77,5,100,1,4.0,4,dresses,army green,S,45,1,0,31,0,CN
4.67,4,100,1,2.88,82,shorts,blue,XS,5,1,0,25,0,CN
11.0,10,100,0,3.29,49,dresses,blue,M,50,2,0,80,0,CN
5.9,5,5000,0,3.26,531,dresses,white,XS,9,2,0,20,0,CN
3.7,47,100,1,3.18,11,shirt,pink,XXS,9,1,0,38,1,CN
5.0,5,1000,1,3.77,435,vest,white,M,50,1,0,39,1,CN
9.0,8,5000,0,3.65,878,dresses,grey,S,48,3,0,20,1,CN
16.0,18,100,0,3.88,69,beachwear,yellow,M,50,4,0,41,0,CN
6.0,6,10000,0,4.34,1669,beachwear,green,,50,2,0,49,0,CN
16.0,26,1000,0,3.67,450,coat,,S,11,4,0,28,0,CN
3.76,4,1000,0,3.34,95,dresses,orange,XS,3,1,0,22,0,CN
11.0,10,100,1,3.13,45,coat,blue,XS,1,3,0,26,1,CN
8.0,7,100,1,3.33,3,shorts,blue,S,50,2,0,40,1,CN
12.0,11,1000,0,4.05,614,shorts,black,S,50,3,0,42,0,CN
8.0,9,5000,1,4.07,775,shirt,blue,S,50,2,0,43,1,CN
11.0,10,100,1,3.32,28,shirt,blue,S,50,2,0,18,0,CN
5.0,5,10000,0,3.94,2557,shirt,blue,S,10,1,0,48,0,CN
5.0,76,1000,1,3.77,404,dresses,black,S,1,2,0,45,0,CN
7.0,6,1000,1,3.8,46,shirt,grey,S,50,2,0,35,0,CN
8.0,7,5000,1,4.02,1269,dresses,coffee,XXS,10,2,0,38,0,CN
15.0,15,3,0,5.0,0,beachwear,black,L,50,4,0,40,0,CN
12.0,11,1000,0,3.81,341,dresses,black,S,50,3,0,13,1,CN
7.0,6,100,0,4.15,27,shirt,black,M,50,2,0,56,0,CN
13.0,68,5000,1,3.97,1020,coat,black,M,50,3,0,38,1,CN
9.0,59,100,0,3.69,29,shorts,beige,S,50,3,0,42,0,CN
5.0,5,100,0,3.0,45,shorts,pink,XS,50,2,0,35,0,CN
14.0,93,1000,1,4.24,254,dresses,yellow,M,3,3,0,40,0,CN
7.0,16,10000,1,3.94,1116,shirt,white,L,50,2,0,54,0,CN
13.0,84,10000,1,4.07,2328,dresses,black,S,50,3,0,41,1,CN
2.0,6,1000,1,4.03,31,shorts,winered,XS,1,1,0,35,0,CN
4.73,7,100,1,4.4,86,dresses,green,S,1,1,0,35,1,CN
11.0,37,20000,0,3.42,7596,dresses,black,S,50,3,0,39,1,CN
8.0,122,5000,1,4.0,1355,dresses,pink,S,1,2,0,34,0,CN
4.74,20,5000,0,4.05,784,shirt,white,S,50,1,0,40,0,CN
8.0,7,10000,0,3.28,1649,dresses,red,S,11,2,0,30,0,CN
8.0,7,100,0,3.83,6,shirt,white,XS,5,2,0,23,1,CN
8.0,30,100,0,3.47,34,vest,gray,M,50,3,0,35,1,CN
5.95,6,100,1,3.21,48,dresses,yellow,XXS,2,2,0,26,1,US
3.65,9,100,1,3.38,8,shorts,green,XXS,1,1,0,81,0,CN
2.81,3,5000,0,3.91,940,vest,white,S,30,1,0,43,1,CN
4.66,5,10000,0,4.28,1594,shorts,pink,S,50,1,0,41,0,CN
5.0,5,10,0,5.0,0,dresses,white,S,50,2,0,8,0,CN
5.0,16,1000,1,4.23,62,shirt,blue,XS,20,2,0,41,0,CN
8.0,7,100,1,3.33,3,shorts,blue,S,50,2,0,40,0,CN
13.0,11,1000,1,3.53,302,beachwear,orange,M,50,3,0,43,0,CN
8.0,7,5000,0,4.3,830,shorts,multicolor,S,50,3,0,36,0,CN
8.0,85,100,0,3.5,2,shorts,purple,S,50,3,0,45,0,CN
7.0,6,100,0,4.07,30,shirt,purple,XS,50,2,0,44,0,CN
12.0,11,1000,1,3.37,928,dresses,red,S,1,3,0,32,0,CN
5.0,5,1000,1,3.68,155,shirt,yellow,S,50,2,0,45,0,CN
13.0,33,1000,1,3.88,122,coat,grey,S,50,3,0,44,0,US
14.0,75,10000,0,4.15,2514,beachwear,black,S,50,4,0,43,0,CN
7.0,6,10000,1,3.48,2504,dresses,pink,XXS,6,2,0,39,0,CN
6.0,6,20000,1,3.74,6509,beachwear,white,M,39,2,0,43,0,CN
8.0,7,5000,1,4.1,1512,dresses,pink,S,50,3,0,43,0,CN
5.0,30,100,0,3.69,13,shorts,black,XS,50,1,0,40,0,
11.0,10,100,1,3.54,13,Pants,black,XL,50,2,0,42,1,CN
5.65,33,10,0,5.0,0,vest,yellow,XXXXL,50,2,0,43,1,CN
3.76,7,50,0,3.5,8,dresses,white,XXS,5,1,0,90,0,CN
4.67,4,10000,1,4.28,936,others,white,,50,1,0,138,0,CN
11.0,10,100,0,3.29,49,dresses,blue,M,50,2,0,80,1,CN
2.8,3,100,1,3.17,6,dresses,grey,XS,10,1,0,44,1,CN
16.0,25,10,1,4.5,4,beachwear,white,S,50,5,0,55,0,CN
9.0,17,100,0,3.63,92,dresses,,S,1,3,0,107,0,CN
7.0,9,5000,1,3.83,1169,Pants,,S,50,2,0,43,1,CN
16.0,14,100,0,4.0,11,dresses,black, S,50,5,0,26,1,CN
9.0,34,50,0,4.0,5,dresses,camel,S,50,3,0,61,1,US
3.0,26,100,1,2.0,3,shirt,yellow,S,13,1,0,43,0,CN
6.0,6,5000,1,3.83,1458,dresses,white,XXS,4,2,0,38,1,CN
12.0,72,1000,0,3.93,566,dresses,black,S,50,3,0,38,0,CN
6.0,34,100,0,3.8,10,shirt,white,L,50,2,0,41,0,CN
13.0,13,1000,0,4.16,138,dresses,pink,S,50,3,0,41,0,CN
9.0,19,5000,1,3.97,588,shirt,white,M,50,3,0,64,0,CN
9.0,26,20000,0,3.6,1193,shorts,blue,S,50,3,0,43,0,CN
5.0,5,100,0,3.06,65,dresses,yellow,XS,50,1,0,13,1,CN
16.0,84,100,0,3.41,27,dresses,black,S,50,4,0,39,1,CN
11.0,14,20000,1,3.76,8029,Pants,black,S,19,2,0,43,0,CN
2.0,10,100,0,3.2,10,dresses,white,XXS,1,1,0,41,0,CN
8.0,7,100,0,3.43,23,shirt,pink,S,50,2,0,43,0,CN
7.0,7,10000,0,3.55,793,shirt,blue,S,50,2,0,45,0,CN
12.0,26,5000,0,4.16,663,dresses,white,S,50,3,0,43,1,CN
7.0,6,100,0,3.72,47,shorts,green,XS,50,2,0,22,1,CN
8.0,7,100,0,2.79,14,Pajamas,brown,S,50,7,1,41,0,CN
8.0,7,1000,0,3.91,102,shirt,blue,S,50,3,0,37,0,CN
14.0,86,1000,0,4.08,546,coat,,S,50,3,0,17,1,CN
6.0,32,5000,0,3.47,536,shorts,white,S,50,2,0,18,1,CN
11.0,10,20000,1,3.63,2633,dresses,grey,S,50,2,0,35,0,CN
8.0,26,1000,1,4.19,54,Pants,grey,S,50,3,0,43,1,CN
14.0,12,10,1,4.0,2,shorts,black,XS,1,4,0,22,1,CN
5.0,127,100,0,2.79,19,coat,orange,S,18,2,0,54,0,CN
11.0,10,100,0,4.25,20,shorts,camouflage,S,50,3,0,33,0,CN
9.0,21,100,0,3.51,47,dresses,green,M,7,3,0,34,0,CN
11.0,70,10,0,2.0,2,dresses,pink,S,1,2,0,62,0,US
12.0,11,1000,1,3.85,398,coat,blue,S,50,3,0,58,0,CN
11.0,11,1000,0,3.75,213,shirt,purple,S,50,3,0,18,1,CN
8.0,7,10000,0,3.54,2006,dresses,white,XS,50,3,0,31,0,CN
5.0,30,100,0,3.69,13,shorts,black,XS,50,1,0,40,1,
14.0,25,100,1,3.8,50,shirt,green,XS,2,4,0,39,1,CN
3.0,3,1000,1,3.08,109,dresses,black,XXS,1,1,0,38,1,CN
9.0,8,10000,1,3.91,3101,dresses,red,S,7,3,0,41,0,CN
3.83,4,100,0,3.57,67,coat,lightred,XS,1,1,0,38,1,CN
9.0,8,5000,0,3.08,777,dresses,khaki,S,50,3,0,24,1,CN
12.0,16,10000,0,3.01,1322,coat,winered,S,50,3,0,18,0,CN
7.0,159,5000,0,3.39,1632,coat,army green,S,50,2,0,41,1,CN
11.0,10,10000,1,4.09,2324,dresses,floral,L,50,3,0,35,1,CN
11.0,159,1000,0,3.67,585,dresses,white,XS,50,2,0,109,0,CN
11.0,26,1000,0,3.95,596,dresses,rosered,XXL,50,2,0,33,0,CN
13.0,30,20000,0,2.93,3421,dresses,,M,50,3,0,45,1,CN
5.77,9,100,0,2.9,62,dresses,pink,S,50,2,0,43,0,CN
5.0,5,100,0,3.91,43,vest,coffee,XS,1,2,0,24,0,CN
11.0,10,5000,0,3.34,1897,coat,white,XS,3,3,0,30,0,CN
6.0,17,100,0,3.47,55,shirt,green,3XL,50,2,0,49,0,CN
5.0,5,1000,0,3.34,252,shirt,blue,XS,15,2,0,41,1,SG
8.0,7,1000,1,3.47,378,coat,blue,XS,5,2,0,137,0,CN
11.0,10,1000,1,3.74,54,dresses,black,XS,50,3,0,41,1,CN
5.0,127,100,0,2.79,19,coat,orange,S,18,2,0,54,1,CN
7.0,6,1000,1,3.28,141,dresses,yellow,XS,7,2,0,23,1,CN
12.0,11,10000,0,3.25,1276,Pants,red,S,15,3,0,11,1,CN
2.0,9,100,1,3.67,12,shirt,rose,XS,1,1,0,41,0,CN
4.0,4,100,1,3.1,21,dresses,blue,XXS,5,1,0,25,0,CN
11.0,11,10000,0,3.75,1520,dresses,black,S,50,3,0,60,0,US
13.0,15,100,0,3.49,55,dresses,green,S,2,3,0,33,0,CN
6.0,17,10000,0,4.35,3279,shorts,black,S,3,2,0,40,0,CN
12.0,100,100,0,3.68,40,beachwear,,S,50,3,0,28,1,CN
12.0,11,5000,0,3.96,247,shirt,brown,S,50,3,0,41,0,CN
14.0,126,100,1,4.09,150,dresses,winered,S,50,4,0,40,1,CN
11.0,10,100,1,4.38,8,dresses,pink,S,50,2,0,139,1,CN
14.0,97,100,0,4.23,44,accessory,beige,S,3,4,0,36,0,CN
9.0,9,1000,0,3.37,238,dresses,white,XS,13,3,0,41,0,CN
11.0,10,100,1,3.8,10,dresses,yellow,XS,10,2,0,26,0,CN
9.0,48,10000,1,4.02,840,shorts,blue,S,50,3,0,43,0,CN
3.85,7,1000,1,4.18,142,dresses,green,S,1,1,0,35,0,CN
8.0,49,1000,1,3.49,154,dresses,lightpurple,XS,2,2,0,22,1,CN
14.0,12,1000,1,3.87,186,dresses,coffee,S,10,4,0,26,1,CN
11.0,250,20000,0,3.64,3397,beachwear,white,S,50,3,0,47,1,CN
6.0,6,5000,0,3.75,506,vest,yellow,XS,7,2,0,24,0,CN
8.0,7,5000,0,3.39,1248,beachwear,black,M,50,3,0,43,0,CN
5.74,5,10000,1,3.61,2366,dresses,white,M,1,1,0,50,0,CN
11.0,10,100,1,3.09,22,accessory,black,S,50,3,0,38,0,CN
2.0,2,1000,1,4.13,143,others,silver,,50,1,0,42,0,CN
8.0,7,1000,0,3.42,373,dresses,pink,S,50,2,0,63,1,CN
8.0,7,1000,1,3.81,166,dresses,army,XXS,50,3,0,58,0,CN
2.0,2,1000,0,4.19,81,shirt,green,XS,1,1,0,35,0,CN
11.0,10,5000,0,3.13,908,dresses,black,S,50,2,0,24,0,CN
11.0,20,20000,0,3.56,3929,dresses,,M,50,2,0,37,0,CN
8.0,7,10,1,5.0,0,blouse,grey,M,50,3,0,10,1,CN
5.0,85,5000,1,3.7,296,shorts,red,XS,2,2,0,41,0,CN
9.0,8,100,0,3.7,27,dresses,blue,M,50,3,0,81,1,CN
9.0,8,5000,0,3.68,856,dresses,pink,M,50,3,0,43,1,CN
7.0,6,100,0,3.95,65,beachwear,black,XS,50,2,0,40,1,CN
9.0,9,20000,0,4.1,4874,vest,black,S,50,3,0,41,0,CN
11.0,11,5000,1,3.59,1329,dresses,black,M,50,2,0,44,1,CN
2.0,2,100,1,2.57,7,shorts,yellow,S,5,1,0,30,0,CN
14.0,12,20000,1,3.61,5891,dresses,yellow,M,50,3,0,32,0,CN
7.0,26,10000,0,3.86,2092,dresses,white,S,50,2,0,33,0,CN
8.0,7,10000,1,3.66,1467,shorts,black,4XL,50,3,0,41,1,CN
13.0,11,10000,1,3.87,2731,dresses,rosered,M,48,3,0,37,0,CN
12.0,85,50,1,4.75,4,coat,green,S,18,3,0,35,1,CN
8.0,7,10000,0,4.13,1312,shirt,grey,XS,50,2,0,31,1,CN
8.0,68,8,0,5.0,0,dresses,white,S,50,3,0,43,1,CN
11.0,10,1000,1,3.8,75,vest,green,S,20,3,0,31,1,CN
5.0,5,100,0,3.97,30,shirt,winered,S,50,2,0,45,1,CN
5.75,16,100,1,4.26,27,coat,black,XXS,50,2,0,32,1,CN
8.0,7,5000,1,3.32,743,shorts,green,L,31,3,0,48,0,CN
7.0,6,100,0,3.95,65,beachwear,black,XS,50,2,0,40,0,CN
6.0,7,50,1,4.0,4,dresses,blue,S,50,2,0,45,0,CN
11.0,19,20000,1,3.78,2729,accessory,rosered,S,50,2,0,41,0,CN
5.65,6,1000,1,3.96,164,blouse,black,M,17,2,0,23,0,CN
8.0,8,5000,0,4.14,555,shirt,white,M,50,3,0,41,0,CN
5.0,5,5000,0,3.6,763,dresses,white,XS,7,2,0,20,0,CN
11.0,10,10000,1,4.05,1479,shirt,black,M,50,2,0,45,1,CN
49.0,42,100,0,4.67,6,dresses,Rose red,XXXXXL,2,12,1,41,0,CN
5.0,5,100,1,4.83,6,shorts,red,XS,1,2,0,40,0,CN
4.66,11,100,1,2.92,24,shirt,black,XL,50,1,0,41,0,CN
7.0,6,100,1,3.0,22,vest,black,XXL,50,2,0,41,0,CN
19.0,17,1000,1,3.4,255,dresses,greysnakeskinprint,XS,49,5,0,21,0,CN
23.0,118,100,0,3.86,118,dresses,orange,M,50,6,0,54,0,CN
9.0,10,100,1,3.84,51,coat,white,XL,2,3,0,39,0,CN
6.0,34,1000,0,3.41,106,beachwear,pink,S,50,2,0,43,1,CN
14.0,92,100,0,3.92,25,dresses,red,M,50,4,0,40,0,CN
22.0,19,20000,1,3.66,1103,coat,blue,S,50,6,0,38,0,CN
8.0,7,1000,1,2.98,108,shorts,green,S,20,2,0,36,0,CN
2.66,3,100,1,2.67,12,shorts,yellow,S,1,1,0,30,0,CN
16.0,14,10000,0,4.34,3075,dresses,black,XS,50,4,0,47,1,CN
11.0,11,1000,0,3.75,213,shirt,purple,S,50,3,0,18,0,CN
14.0,12,1000,0,3.74,582,dresses,white,XXXXL,43,3,0,26,0,CN
16.0,16,2,0,5.0,0,others,White,,10,5,0,32,0,CN
8.0,8,1000,0,4.18,668,dresses,green,XS,48,2,0,15,1,CN
9.0,8,5000,1,4.22,827,shirt,blue,M,50,3,0,43,0,CN
14.0,12,100,0,4.23,65,coat,black,S,50,4,0,33,0,CN
11.0,10,10000,1,3.76,1546,dresses,white,L,27,3,0,36,0,CN
15.0,109,1000,0,3.96,382,dresses,black,S,50,4,0,36,0,CN
4.0,4,50,1,1.0,1,coat,blue,XS,20,1,0,44,0,CN
5.75,5,10,1,5.0,0,shirt,white,XS,5,2,0,139,0,CN
9.0,8,1000,1,3.29,99,dresses,red,S,44,3,0,28,1,CN
6.0,6,1000,0,3.21,362,shirt,black,S,50,2,0,24,1,CN
8.0,7,10000,0,4.09,1087,shorts,black,S,50,2,0,21,1,CN
5.73,5,1000,1,3.69,182,shirt,yellow,XXS,50,1,0,58,0,CN
8.0,7,20000,0,3.9,3700,dresses,white,XS,2,2,0,18,0,CN
11.0,10,1000,1,3.35,85,dresses,winered,S,50,2,0,33,0,CN
8.0,7,50,1,3.67,6,dresses,brown,S,20,3,0,37,1,CN
4.0,6,50000,0,4.0,10927,shirt,purple,S,50,1,0,30,0,CN
13.0,11,100,0,3.22,9,dresses,applegreen,L,50,3,0,41,1,CN
12.0,85,1000,1,4.15,153,dresses,offwhite,S,50,3,0,40,1,CN
9.0,10,10000,0,4.15,2587,dresses,red,XS,50,3,0,31,0,CN
5.78,50,5000,1,3.55,876,shirt,grey,XS,50,1,0,10,0,CN
5.86,11,1000,0,4.28,512,beachwear,black,S,50,2,0,29,1,CN
9.0,22,10000,0,3.82,1860,shirt,blue,XS,50,3,0,18,0,CN
3.87,4,1000,0,3.34,94,dresses,blue,XS,1,1,0,22,0,CN
9.0,38,1000,0,4.52,312,shirt,white,S,50,3,0,55,1,CN
5.74,5,100,1,3.38,58,beachwear,yellow,XS,1,2,0,30,1,CN
9.0,8,10000,1,4.06,1642,blouse,beige,M,28,3,0,23,1,CN
8.0,55,7,0,5.0,1,dresses,white,M,50,3,0,63,0,CN
4.86,8,1000,1,3.89,115,shirt,white,XS,1,1,0,38,0,CN
11.0,10,100,1,3.96,25,Pajamas,red,XS,50,2,0,27,0,CN
12.0,11,50,1,3.29,7,dresses,black,4XL,50,3,0,36,0,CN
15.0,25,1000,1,3.3,408,dresses,green,L,49,4,0,25,0,CN
3.91,4,1000,1,3.73,145,shirt,yellow,S,50,1,0,48,1,CN
11.0,14,100,0,3.16,38,shorts,black,M,9,3,0,94,0,CN
11.0,84,100,0,3.46,56,dresses,orange-red,M,50,3,0,40,1,CN
8.0,30,10000,1,4.18,1352,shorts,green,S,50,2,0,33,0,CN
8.0,7,10000,0,3.82,2520,shirt,orange,M,50,3,0,14,0,CN
14.0,12,10000,1,4.36,2010,dresses,black,S,50,3,0,38,1,CN
7.0,33,50,0,3.0,2,vest,blue,S,50,2,0,41,1,CN
6.0,11,100,0,4.0,35,dresses,army green,XXS,50,2,0,25,0,CN
6.0,6,1000,0,4.18,352,coat,yellow,XS,5,2,0,37,0,CN
12.0,11,100,1,3.0,6,shirt,white,S,10,3,0,25,0,CN
9.0,34,50,0,4.0,5,dresses,camel,S,50,3,0,61,0,US
3.88,4,100,0,3.47,34,shorts,red,XS,1,1,0,38,0,CN
8.0,7,20000,0,3.96,3761,dresses,blue,S,50,2,0,20,0,CN
12.0,48,1000,1,3.98,131,dresses,winered,S,50,3,0,43,0,CN
5.65,33,1000,0,3.39,192,shirt,army green,M,50,2,0,41,1,CN
11.0,11,1000,0,4.46,217,shirt,rosered,M,50,3,0,41,0,CN
12.0,11,1000,0,3.82,428,dresses,red,S,50,3,0,41,1,CN
5.74,5,10000,1,3.61,2366,dresses,white,M,1,1,0,50,1,CN
8.0,58,5000,0,3.45,920,beachwear,green,S,5,3,0,43,0,CN
8.0,17,1000,1,3.39,219,dresses,green,XXS,1,2,0,41,0,CN
5.79,5,5000,0,3.78,1022,dresses,white,S,6,2,0,47,0,CN
8.0,16,10000,0,3.27,1167,shorts,white,S,12,2,0,18,0,CN
2.79,13,100,1,4.0,2,dresses,grey,XS,35,1,0,48,0,CN
9.0,84,100,1,3.73,82,dresses,pink,S,15,3,0,43,0,CN
8.0,7,20000,0,3.68,2015,shirt,orange,S,50,3,0,24,0,CN
5.65,7,1000,0,4.24,319,shirt,blue,L,12,2,0,40,0,CN
4.86,5,1000,1,3.79,200,dresses,white,XS,1,1,0,20,0,CN
6.0,8,1000,1,3.82,523,shirt,green,S,4,2,0,54,1,US
6.0,9,1000,0,4.01,471,shirt,black,S,50,2,0,35,0,CN
8.0,9,1000,0,4.22,621,dresses,red,S,50,2,0,39,0,CN
11.0,50,5000,0,3.45,869,shorts,black,M,50,2,0,43,0,CN
9.0,17,10000,0,3.93,2253,beachwear,green,S,23,3,0,59,0,CN
8.0,84,1000,0,3.74,536,dresses,,L,50,3,0,63,0,CN
12.0,11,20000,1,3.8,2066,coat,black,M,25,3,0,49,1,CN
14.0,37,1000,0,3.85,422,beachwear,orange,M,50,4,0,41,1,CN
8.0,7,100,0,4.07,14,shirt,black,S,1,3,0,33,0,CN
8.0,7,1000,0,3.09,337,dresses,yellow,S,50,3,0,37,0,CN
8.0,26,100,0,5.0,13,dresses,yellow,S,50,2,0,33,0,CN
7.0,6,5000,0,3.44,921,dresses,red,S,5,2,0,47,0,CN
7.0,26,5000,0,3.59,677,shirt,red,S,50,2,0,33,1,CN
16.0,111,1000,1,4.05,580,coat,beige,S,50,4,0,44,0,CN
11.0,24,1000,0,3.78,463,shorts,yellow,S,50,2,0,41,0,CN
9.0,65,1000,0,4.09,520,shirt,black,L,13,3,0,94,0,CN
5.0,28,5000,1,3.29,1530,dresses,blue,S,1,2,0,26,0,CN
9.0,50,5000,0,3.6,985,shorts,black,S,50,3,0,43,0,CN
1.76,2,100,0,4.63,35,accessory,white,,2,1,0,45,0,CN
5.0,6,5000,0,4.07,824,shirt,gray,S,50,1,0,41,0,CN
8.0,7,1000,0,4.23,650,shirt,black,S,50,3,0,43,0,CN
8.0,18,1000,1,4.15,158,shirt,green,L,50,2,0,43,0,CN
6.0,6,100,0,3.47,19,dresses,grey,S,10,2,0,45,0,CN
6.0,33,10,0,2.33,3,vest,blue,S,50,2,0,41,0,CN
6.0,10,1000,0,3.0,87,dresses,yellow,XS,3,2,0,20,1,CN
4.65,4,50,0,5.0,0,shirt,lightpink,XS,9,1,0,36,1,CN
11.0,10,100,1,3.5,10,dresses,red,S,49,3,0,30,0,CN
5.0,26,100,1,4.0,4,shorts,pink,S,50,2,0,41,0,CN
11.0,11,1000,1,4.22,223,dresses,purple,XS,5,3,0,35,1,CN
7.0,11,20000,0,3.98,6510,shorts,grey,S,5,2,0,41,0,CN
12.0,11,1000,0,3.61,171,dresses,white,S,7,3,0,54,1,CN
1.72,26,1000,1,4.33,18,shirt,yellow,XS,9,1,0,43,1,CN
8.0,47,10000,1,4.21,1631,Pants,gray,XS,6,3,0,38,0,CN
5.8,9,1000,1,3.83,52,shirt,rosered,XS,4,2,0,43,0,CN
7.0,6,50000,0,4.12,9207,shirt,black,M,6,2,0,18,1,CN
3.66,26,100,1,3.2,10,others,green,S ,50,1,0,140,0,CN
3.83,4,5000,1,3.76,337,shorts,black,S,50,1,0,42,0,CN
13.0,84,10000,1,4.36,2592,beachwear,black,S,50,3,0,33,0,CN
6.0,17,5000,1,3.85,817,vest,blue,XXS,1,2,0,41,0,CN
15.0,59,100,0,3.87,202,dresses,,M,11,4,0,30,0,CN
8.0,7,100,0,4.0,13,dresses,white & green,XS,5,2,0,23,1,CN
1.71,2,50,1,4.67,3,shorts,grey,XS,2,1,0,31,1,CN
12.0,43,10000,1,3.87,632,Pants,lightpink,S,50,3,0,42,0,CN
20.0,17,50,0,4.17,12,shirt,red,S,50,6,0,36,1,CN
9.0,8,1000,0,4.17,648,beachwear,black,S,50,3,0,41,0,CN
2.0,56,1000,1,3.73,41,shirt,green,S,2,1,0,27,0,CN
5.0,5,100,1,3.4,25,blouse,black,XS,50,2,0,35,1,CN
9.0,14,10000,0,4.14,644,blouse,purple,M,50,3,0,43,0,CN
11.0,10,100,1,3.56,71,Pants,army green,4XL,50,3,0,35,0,CN
16.0,14,1000,1,4.27,127,shorts,gray & white,XS,50,4,0,36,0,CN
7.0,6,5000,0,3.23,1212,dresses,white,S,9,2,0,13,0,CN
7.0,84,10000,0,3.93,2526,shirt,purple,S,50,2,0,41,0,CN
8.0,54,50000,0,3.69,14568,dresses,grey,S,50,3,0,78,0,CN
8.0,7,100,0,3.8,15,shirt,grey,XS,50,3,0,14,0,CN
8.0,7,10000,0,3.66,864,dresses,white,S,50,3,0,24,0,CN
3.0,3,100,1,4.04,47,Pants,brown & yellow,XXXS,1,1,0,29,1,CN
8.0,20,1000,0,3.12,341,dresses,blue,S,50,2,0,138,1,CN
6.0,21,5000,0,3.18,573,dresses,rose,S,13,2,0,34,1,CN
9.0,21,100,0,3.51,47,dresses,green,M,7,3,0,34,1,CN
11.0,49,100,0,3.73,26,shirt,winered,M,25,2,0,43,1,CN
13.0,11,1000,0,3.36,350,dresses,red,S,50,3,0,14,0,CN
11.0,11,5000,1,4.16,1401,blouse,white,XL,41,2,0,37,0,CN
7.0,7,1000,0,4.02,636,shirt,white,S,50,2,0,41,1,CN
9.0,10,10,1,5.0,0,blouse,black,XS,50,3,0,43,1,CN
8.0,7,100,0,4.19,54,dresses,pink,XS,50,2,0,21,1,CN
8.0,8,1000,0,4.06,121,shirt,pink,S,1,3,0,42,0,CN
6.0,17,5000,1,4.26,550,coat,grey,S,20,2,0,48,0,CN
14.0,13,100,0,4.5,113,dresses,grey,S,50,3,0,40,0,CN
13.0,93,100,0,4.09,127,dresses,pink,S,5,3,0,40,0,CN
13.0,59,1000,0,4.14,870,shorts,blue,S,50,3,0,43,1,CN
5.0,5,5000,1,3.88,883,dresses,black,S,50,2,0,23,0,CN
3.69,53,100,1,4.36,11,Pants,black,6XL,1,1,0,27,0,CN
3.85,69,1000,1,3.23,185,beachwear,multicolor,S,1,1,0,25,0,CN
11.0,10,100,0,3.91,22,dresses,white,XS,50,3,0,40,0,CN
2.0,2,1000,0,4.19,81,shirt,green,XS,1,1,0,35,1,CN
7.0,7,10,0,3.36,11,shorts,black,M,1,2,0,38,1,CN
11.0,24,1000,0,3.73,154,dresses,white,L,50,3,0,42,1,CN
11.0,10,5000,1,3.2,249,coat,black,S,35,2,0,28,0,CN
2.7,3,10000,1,4.13,1165,shirt,floral,S,1,1,0,33,0,CN
5.83,8,5000,0,3.99,639,coat,green,XS,50,2,0,40,0,
11.0,14,20000,1,3.76,8029,Pants,black,S,19,2,0,43,1,CN
12.0,11,100,0,3.97,37,shirt,white,S,50,3,0,42,0,CN
5.66,6,100,0,3.08,13,vest,black,S,50,2,0,35,1,CN
16.0,14,100,0,4.0,11,dresses,black,S,50,5,0,26,0,CN
3.67,13,1000,0,4.09,197,shirt,black,S,50,1,0,43,0,CN
12.0,11,100,0,3.73,104,beachwear,yellow,S,50,3,0,42,0,CN
2.71,6,100,1,3.4,20,coat,pink,XS,2,1,0,31,0,CN
8.0,7,10000,0,3.84,1958,coat,blue,S,50,2,0,25,0,CN
9.0,8,100,0,3.7,27,dresses,blue,M,50,3,0,81,0,CN
14.0,12,100,0,2.7,20,dresses,pink,S,14,3,0,27,1,CN
3.66,4,100,0,3.04,23,blouse,blue,XXL,50,1,0,138,0,CN
12.0,85,1000,0,3.58,137,dresses,white,S,50,3,0,43,0,CN
9.0,8,5000,0,3.68,856,dresses,pink,M,50,3,0,43,0,CN
13.0,56,100,1,3.55,20,dresses,black,S,50,3,0,38,0,CN
3.0,3,50,0,4.25,4,dresses,orange,XS,1,1,0,27,0,CN
9.0,8,1000,1,3.67,108,dresses,winered & yellow,XL,1,3,0,35,0,CN
11.0,11,1000,0,3.62,131,dresses,pink,S,50,2,0,41,0,CN
11.0,10,100,0,3.55,89,dresses,rose,XS,17,3,0,32,0,CN
11.0,10,100,1,3.13,45,coat,blue,XS,1,3,0,26,0,CN
9.0,26,10000,1,3.78,2090,vest,black,S,50,3,0,40,0,
7.0,49,1000,0,3.99,194,shirt,black,S,50,2,0,40,1,CN
3.73,17,100,1,4.37,27,shirt,white,S,5,1,0,48,0,CN
8.0,10,50,0,5.0,2,dresses,yellow,XS,5,2,0,23,1,CN
3.81,25,100,1,3.32,25,others,orange,S,50,1,0,35,0,CN
6.0,142,10000,1,3.78,1941,shirt,army green,S,20,2,0,41,0,CN
12.0,86,1000,0,4.09,702,dresses,white,S,10,3,0,37,0,CN
6.0,6,100,1,5.0,2,coat,black,XS,1,2,0,27,1,CN
6.0,31,10000,0,4.09,2789,blouse,whitestripe,S,50,2,0,45,0,CN
9.0,8,50000,0,3.83,13198,beachwear,yellow,S,50,3,0,53,0,CN
13.0,11,50,0,4.33,12,beachwear,pink,L,1,3,0,79,0,CN
11.0,10,10000,0,3.75,1717,dresses,white,,50,3,0,23,0,CN
3.9,5,1000,0,3.11,57,shorts,pink,S,9,1,0,91,1,CN
8.0,47,100,1,4.33,110,shirt,blue,S,50,2,0,43,0,CN
6.0,6,50000,0,4.2,12880,dresses,black,S,18,2,0,53,0,CN
6.0,6,5000,0,3.93,549,Pants,black,M,50,2,0,43,1,CN
8.0,10,50,1,5.0,0,blouse,black,XS,50,3,0,41,0,CN
4.68,25,1000,1,3.69,127,vest,blue,XXL,50,1,0,43,0,CN
8.0,43,1000,0,4.0,180,shirt,black,M,50,3,0,41,0,CN
8.0,7,20000,0,4.05,8904,beachwear,black,S,50,2,0,31,0,CN
8.0,51,1000,1,3.61,256,Pants,white,S,50,3,0,38,0,CN
7.0,6,10000,0,4.11,2483,shirt,black,S,50,2,0,31,0,CN
7.0,30,1000,1,3.28,179,dresses,white,XS,50,2,0,109,0,CN
5.65,5,1000,1,3.87,108,shirt,yellow,M,50,1,0,36,0,CN
9.0,65,1000,0,4.09,520,shirt,black,L,13,3,0,94,1,CN
8.0,9,10000,0,3.35,1316,dresses,yellow,XS,50,2,0,36,0,CN
12.0,58,1000,0,4.18,239,dresses,blue,M,50,3,0,52,0,CN
5.0,5,1000,1,3.1,31,others,,S ,50,2,0,27,1,CN
3.84,4,1000,0,3.18,55,others,green,S,50,1,0,36,0,CN
8.0,7,10000,1,3.56,1473,shirt,black,M,50,3,0,39,0,CN
12.0,31,1000,0,3.87,344,shirt,green,XS,50,3,0,12,1,CN
5.79,9,100,1,3.96,53,coat,white,XXS,1,2,0,43,0,CN
7.0,66,10,1,5.0,0,dresses,blue,XS,50,2,0,41,0,CN
3.0,5,1000,1,4.05,327,shorts,black,S,1,1,0,90,1,CN
13.0,22,1000,1,4.01,156,shorts,khaki,XS,50,3,0,30,1,CN
8.0,16,10000,0,4.04,1589,shirt,white,S,9,2,0,43,0,CN
8.0,76,100,1,3.64,11,dresses,purple,L,26,2,0,25,1,CN
9.0,8,100,1,4.07,46,others,beige,,10,3,0,30,0,CN
9.0,8,1000,1,4.27,754,shirt,pink,S,50,3,0,43,0,CN
4.9,8,1000,1,3.83,99,dresses,white,XXS,1,1,0,41,0,CN
8.0,38,1000,0,4.14,196,beachwear,black,M,50,3,0,39,1,CN
25.0,38,50,1,3.17,6,dresses,rainbow,S,10,7,0,27,0,CN
2.0,2,100,1,2.57,7,shorts,yellow,S,5,1,0,30,1,CN
9.0,8,1000,1,3.52,295,dresses,gray,S,17,3,0,35,0,CN
12.0,102,1000,1,4.22,206,dresses,grey,S,8,3,0,37,0,CN
9.0,59,10000,0,3.77,1721,beachwear,red,S,17,3,0,47,0,CN
8.0,25,100,1,4.0,55,blouse,black,S,50,2,0,43,0,CN
8.0,7,1000,0,4.22,124,shirt,grey,S,50,3,0,43,1,CN
15.0,13,5000,0,3.51,1257,dresses,red,S,10,4,0,42,0,CN
14.0,27,5000,0,3.52,1442,dresses,black,M,50,4,0,43,1,CN
13.0,11,20000,1,2.97,2191,dresses,green,M,34,3,0,35,0,CN
6.0,7,100,1,4.0,2,dresses,black,S,50,2,0,44,0,CN
13.0,11,100,0,4.35,26,shorts,pink & white,XS,50,3,0,139,0,US
11.0,10,5000,0,4.34,728,shirt,blue,XS,15,2,0,20,0,CN
8.0,7,1000,0,3.6,141,shirt,pink,S,50,3,0,24,1,CN
7.0,6,1000,0,4.16,129,vest,black,XS,50,2,0,73,1,CN
2.0,2,5000,1,3.89,496,shirt,green,S,1,1,0,35,1,CN
8.0,7,10000,0,4.01,2543,dresses,black,M,50,2,0,40,0,CN
8.0,7,1000,1,3.63,161,shorts,blue,S,50,2,0,49,0,CN
8.0,7,5000,0,4.14,2737,beachwear,pink,S,50,3,0,36,1,CN
18.0,27,5000,1,4.03,1058,shorts,blue,S,50,5,0,41,0,CN
11.0,10,20000,1,3.7,2682,dresses,purple,L,50,3,0,35,0,CN
11.0,83,20000,0,3.87,5719,dresses,khaki,M,50,2,0,38,0,CN
4.0,4,10000,0,4.03,2150,blouse,red,S,50,1,0,41,0,CN
8.0,7,10000,0,3.71,951,dresses,white,XS,50,2,0,31,0,CN
8.0,7,5000,0,3.94,957,dresses,purple,XS,50,2,0,21,0,CN
6.0,23,1000,1,3.94,251,shirt,white,S,50,2,0,54,0,CN
5.87,5,20000,1,3.98,4137,dresses,red,XS,5,1,0,18,0,CN
7.0,6,20000,1,4.0,2464,vest,green,M,2,2,0,50,0,CN
7.0,22,100000,1,3.82,11913,dresses,,S,50,2,0,46,0,CN
14.0,12,5000,0,3.83,912,beachwear,white,S,50,4,0,41,0,CN
8.0,7,5000,1,3.7,917,shorts,green,XXS,10,2,0,38,0,CN
7.0,50,5000,0,4.02,1046,dresses,watermelonred,S,50,2,0,43,0,CN
8.0,9,10000,1,3.09,775,blouse,pink,S,50,2,0,43,0,CN
8.0,7,1000,1,3.93,54,dresses,yellow,S,19,2,0,28,1,CN
12.0,59,100,0,3.59,64,dresses,white,S,50,3,0,44,1,CN
6.0,33,5000,0,4.04,846,shirt,pink,S,26,2,0,41,0,CN
11.0,10,50000,0,3.91,13488,beachwear,black,S,50,3,0,31,0,CN
5.0,59,100,0,4.27,22,dresses,green,XS,5,2,0,43,0,CN
9.0,49,100,1,3.72,109,Pajamas,pink,M,50,3,0,36,0,CN
15.0,68,1000,1,3.87,546,shirt,yellow,L,50,4,0,40,1,CN
5.0,5,1000,1,3.1,31,others,,S,50,2,0,27,0,CN
15.0,13,100,0,4.11,56,shorts,blue,L,50,4,0,41,0,CN
11.0,54,1000,1,3.93,90,vest,red,S,36,2,0,29,0,CN
14.0,84,100,0,3.79,103,dresses,black,S,50,3,0,49,0,CN
16.0,56,5000,0,4.01,781,shorts,,XS,50,4,0,18,1,CN
6.0,6,20000,1,3.97,2564,shirt,blue,L,50,2,0,35,0,CN
13.0,11,1000,0,3.47,487,coat,blue,S,50,3,0,14,0,CN
3.86,4,100,1,3.48,23,dresses,green,S,1,1,0,49,1,CN
3.74,55,10000,1,4.23,1416,shirt,grey,S,50,1,0,41,1,CN
7.0,9,100,0,3.23,43,dresses,apricot,XXS,1,2,0,40,0,CN
12.0,11,1000,0,3.61,171,dresses,white,S,7,3,0,54,0,CN
8.0,26,100,0,3.07,14,vest,black,XXL,50,2,0,40,0,CN
12.0,11,100,0,4.09,11,dresses,black,M,50,3,0,84,0,CN
8.0,22,1000,0,3.74,638,beachwear,white,S,50,2,0,44,1,CN
6.0,11,1000,0,4.11,76,shorts,red,S,50,2,0,43,0,CN
4.0,4,100,1,4.07,46,shirt,yellow,S,50,1,0,48,1,CN
9.0,8,5000,1,3.8,501,shirt,white,M,50,3,0,43,0,CN
16.0,14,100,1,3.73,89,dresses,yellow,M,50,5,0,41,0,CN
5.84,11,1000,0,4.19,307,beachwear,blue,XXS,1,1,0,40,1,CN
11.0,17,100,1,3.4,10,shirt,white,S,50,2,0,43,0,CN
8.0,7,1000,1,3.13,111,dresses,grey,XXS,3,3,0,25,1,CN
7.0,22,5000,1,3.79,797,shirt,blue,s,17,2,0,40,0,CN
2.0,2,5000,1,3.7,355,dresses,white & red,XS,2,1,0,23,0,CN
8.0,34,1000,1,4.14,429,coat,blue,s,2,3,0,36,0,CN
11.0,10,1000,1,3.73,128,coat,black,L,50,2,0,38,1,
5.0,11,100,0,3.72,54,shirt,green,S,38,1,0,17,0,CN
6.0,6,10000,0,4.29,2808,beachwear,,S,50,7,1,39,1,CN
12.0,13,5000,1,3.91,192,Pants,lightpink,L,50,3,0,42,0,CN
6.0,6,100,1,4.27,15,shirt,green,XS,3,2,0,43,0,CN
11.0,10,5000,0,3.64,829,dresses,black,S,50,3,0,24,1,CN
8.0,7,1000,1,4.43,398,dresses,white,XS,9,2,0,39,0,CN
2.0,2,100,1,2.44,9,dresses,army green,XXXS,50,1,0,42,1,CN
5.66,5,20000,0,4.14,2927,shirt,purple,S,14,2,0,29,0,CN
3.94,8,100,0,3.9,21,Pants,army green,XXS,1,1,0,39,0,CN
14.0,12,1000,1,3.61,548,coat,blue,S,29,4,0,26,1,CN
9.0,8,5000,0,3.9,613,dresses,red,XS,50,3,0,21,0,CN
4.0,4,100,1,3.1,21,dresses,blue,XXS,5,1,0,25,1,CN
11.0,10,100,0,4.75,4,dresses,black,XS,4,3,0,20,0,CN
7.0,34,100,1,4.52,106,shirt,multicolor,XS,50,2,0,35,0,CN
3.92,4,20000,1,3.76,4367,shorts,black,M,7,1,0,36,1,CN
8.0,84,10000,0,3.31,1554,dresses,white,S,50,2,0,37,0,CN
16.0,14,1000,0,3.16,370,dresses,blue,S,47,4,0,27,0,CN
8.0,7,1000,0,3.98,234,dresses,purple,XS,3,3,0,27,1,CN
3.0,3,100,0,3.67,12,dresses,white,XXS,2,1,0,40,0,CN
8.0,7,100,0,4.19,54,dresses,pink,XS,50,2,0,21,0,CN
11.0,10,100,0,3.24,96,Pants,army green,S,50,2,0,40,0,CN
11.0,10,10000,0,4.02,2050,shirt,white,S,50,2,0,41,0,CN
12.0,11,100,1,3.0,6,shirt,white,S,10,3,0,25,1,CN
14.0,51,100,0,3.75,36,shirt,black,S,50,4,0,42,0,CN
3.0,7,100,1,3.67,6,dresses,grey,XS,5,1,0,19,0,CN
3.86,4,100,1,3.48,23,dresses,green,S,1,1,0,49,0,CN
5.82,58,1000,1,3.93,623,shirt,orange,S,50,2,0,61,0,CN
8.0,7,50,1,3.67,6,dresses,brown,S,20,3,0,37,0,CN
11.0,17,100,0,4.67,3,vest,red,S,50,2,0,14,0,CN
11.0,10,5000,1,3.87,901,dresses,green,S,50,2,0,35,1,CN
3.88,4,100,0,3.47,34,shorts,red,XS,1,1,0,38,1,CN
8.0,33,50,1,5.0,0,vest,khaki,S,50,2,0,41,0,CN
11.0,28,100,1,3.93,107,dresses,,M,2,3,0,44,0,CN
5.0,5,1000,1,4.13,103,shirt,winered,S,50,2,0,48,1,CN
11.0,13,100,0,3.87,46,dresses,blue,S,50,2,0,41,0,CN
11.0,152,1000,0,3.91,808,shorts,blue,XS,50,2,0,43,1,CN
13.0,43,1000,0,4.31,65,accessory,green,S,50,3,0,40,1,CN
8.0,11,10000,1,4.28,3345,shirt,,S,50,3,0,36,1,CN
13.0,11,10000,0,3.9,1184,beachwear,purple,S,50,3,0,52,0,CN
5.83,5,100,0,4.36,22,vest,yellow,XS,3,1,0,24,1,CN
8.0,7,100,0,3.44,63,dresses,white,S,50,2,0,40,0,CN
2.81,33,50,0,3.64,14,shirt,purple,XS,1,1,0,43,0,CN
5.84,5,100,0,4.04,24,dresses,green,XS,2,1,0,25,0,CN
16.0,14,50,0,4.0,2,beachwear,,S,50,4,0,34,0,CN
6.0,38,5000,1,3.82,1442,vest,pink,XS,50,2,0,9,0,CN
9.0,8,1000,1,3.29,99,dresses,red,S,44,3,0,28,0,CN
6.0,47,1000,0,4.28,134,shorts,multicolor,S,50,2,0,43,1,CN
16.0,33,100,1,4.15,61,dresses,,M,50,5,0,33,1,CN
8.0,14,1000,0,3.98,217,dresses,blue,XXS,28,3,0,25,0,CN
5.8,43,20000,1,3.47,2407,dresses,army green,S,50,2,0,35,0,CN
9.0,10,10,1,5.0,0,blouse,black,XS,50,3,0,43,0,CN
12.0,11,1000,1,3.64,50,dresses,red,L,23,3,0,31,1,CN
2.89,7,50,0,5.0,1,dresses,green,XXS,1,1,0,37,0,CN
8.0,56,50,1,4.67,6,shirt,white,XXS,3,2,0,19,1,US
9.0,8,100,0,3.71,51,dresses,grey,XS,50,3,0,21,0,CN
5.67,6,1000,0,3.51,245,vest,white,S,50,2,0,43,0,CN
6.0,13,1000,0,3.26,255,shirt,wine,S,50,2,0,43,0,CN
11.0,85,100,0,3.58,19,dresses,blue,S,50,2,0,40,0,CN
8.0,7,10000,0,4.14,2182,beachwear,pink & grey,XS,50,2,0,31,0,CN
7.0,31,8,0,5.0,0,shirt,blue,XS,10,2,0,43,0,CN
14.0,85,100,0,4.23,61,shirt,blue,S,50,4,0,41,0,CN
14.0,12,1000,1,4.04,475,dresses,yellow,S,50,4,0,43,0,CN
8.0,7,10000,0,4.13,2396,dresses,black,S,50,2,0,36,0,CN
8.0,30,1000,1,3.09,65,dresses,army green,XXS,1,3,0,40,1,CN
2.0,25,100,1,3.9,58,shirt,green,XS,4,1,0,37,0,CN
2.0,2,100,1,2.92,12,shorts,blue,XL,1,1,0,25,0,CN
9.0,8,1000,1,3.03,124,dresses,yellow,S,50,3,0,41,1,CN
3.0,3,100,1,4.29,58,shirt,black,S,5,1,0,34,0,CN
9.0,8,20000,1,4.14,5232,dresses,purple,XXS,10,3,0,38,1,CN
11.0,84,100,1,3.61,18,dresses,gray,XS,5,2,0,27,0,CN
4.0,4,1000,0,3.51,550,shirt,green,XS,50,1,0,32,0,CN
11.0,22,1000,1,3.66,129,shirt,white,S,50,2,0,35,0,US
4.0,4,100,0,4.13,24,shirt,black,S,50,1,0,127,1,CN
4.9,5,100,0,3.96,25,dresses,pink,XS,1,1,0,26,0,CN
9.0,8,1000,0,3.85,183,blouse,white,M,50,3,0,55,1,CN
12.0,43,100,1,3.65,26,dresses,blue,L,50,3,0,52,0,CN
7.0,30,1000,1,3.28,179,dresses,white,XS,50,2,0,109,1,CN
7.0,8,1000,1,3.73,237,Pants,pink,XXS,6,2,0,38,1,CN
1.85,11,100,0,3.9,97,dresses,black,XXS,2,1,0,40,1,
12.0,110,20000,1,4.04,2748,shirt,khaki,M,50,3,0,41,1,CN
5.88,9,20000,0,4.07,6450,dresses,ivory,XXS,50,2,0,55,0,CN
15.0,102,1000,0,4.23,483,dresses,green,S,2,4,0,40,0,CN
8.0,75,20000,0,4.39,5254,dresses,black,S,50,2,0,36,1,CN
9.0,8,10000,0,4.2,2749,dresses,purple,M,50,3,0,43,0,CN
9.0,8,50,0,3.0,2,dresses,brown,S,50,3,0,38,0,CN
8.0,9,100,0,3.38,94,dresses,winered,S,50,2,0,41,0,CN
7.0,7,10,1,5.0,0,shirt,white,XS,50,2,0,22,0,CN
6.0,6,100,0,3.3,102,dresses,red,XS,50,2,0,31,0,CN
4.7,19,100,0,3.87,15,shirt,black,S,43,1,0,41,0,CN
6.0,7,1000,0,3.67,258,dresses,beige,XS,3,2,0,40,1,CN
4.93,6,100,0,3.77,47,shorts,red,S,1,1,0,41,1,CN
3.0,3,1000,0,3.94,426,dresses,gray,S,50,1,0,32,0,CN
8.0,17,5000,1,3.94,787,shirt,black,M,50,2,0,43,0,CN
2.0,2,5000,1,3.87,320,shirt,black,XS,1,1,0,20,0,CN
8.0,47,10000,0,4.14,2360,dresses,winered,S,50,2,0,45,0,CN
14.0,12,10000,1,3.65,3574,beachwear,black,XL,50,4,0,32,0,CN
15.0,68,1000,1,3.87,546,shirt,yellow,L,50,4,0,40,0,CN
8.0,7,5000,0,4.23,870,shirt,multicolor,S,50,2,0,21,0,CN
5.67,19,100000,0,3.53,18393,dresses,grey,M,50,1,0,37,1,CN
14.0,84,5000,0,4.22,686,dresses,grey,M,50,3,0,40,0,CN
7.0,43,1000,1,3.36,130,blouse,pink,XS,3,2,0,42,1,CN
9.0,8,20000,1,3.94,4304,shirt,white,M,50,3,0,41,0,CN
11.0,26,100,1,5.0,1,shorts,black,S,15,3,0,80,1,CN
6.0,7,100,0,3.31,36,dresses,army green,XXS,1,2,0,40,0,CN
12.0,17,1000,0,3.36,230,shirt,pink,M,50,3,0,34,0,CN
16.0,14,100,1,3.28,18,shorts,black,L,50,5,0,81,0,CN
12.0,17,1000,0,4.21,103,shirt,white,M,50,3,0,43,1,CN
13.0,68,100,1,3.48,121,dresses,black,S,12,3,0,40,0,CN
11.0,10,10000,0,3.75,1717,dresses,white,,50,3,0,23,1,CN
11.0,38,5000,0,3.91,1433,dresses,white,S,50,2,0,63,1,CN
3.71,6,1000,1,3.45,181,shorts,yellow,XS,3,1,0,42,0,CN
6.0,9,1000,0,3.8,245,dresses,grey,XXS,1,2,0,40,0,CN
6.0,6,5000,1,3.89,1229,vest,grey,S,50,2,0,41,0,CN
12.0,16,5000,0,3.28,701,coat,jasper,S,50,3,0,20,0,CN
5.0,5,100,1,5.0,0,shirt,green,XXS,4,1,0,35,0,CN
5.0,5,5000,0,3.3,1013,Pants,lightkhaki,S,50,2,0,32,1,CN
4.66,11,50000,1,4.01,10122,shirt,purple,M,1,1,0,44,0,CN
8.0,22,100,1,4.0,17,shirt,blue,S,50,2,0,43,0,CN
9.0,9,100,1,5.0,0,dresses,white,S,50,3,0,44,0,CN
8.0,9,1000,1,3.95,63,dresses,black,S,50,3,0,41,0,CN
16.0,14,10,1,5.0,0,dresses,,S,2,4,0,40,0,CN
5.0,5,1000,1,4.1,166,shorts,white,S,1,2,0,42,0,CN
6.0,6,10000,1,4.0,1244,dresses,black,S,47,2,0,35,1,CN
18.0,59,10,0,2.67,6,dresses,pink,S,50,5,0,34,0,CN
8.0,7,20000,1,3.8,9330,dresses,black,XS,49,2,0,38,1,CN
11.0,10,100,1,3.8,10,dresses,yellow,XS,10,2,0,26,1,CN
5.0,25,10000,1,4.19,494,shirt,white,XS,35,2,0,43,0,CN
5.0,10,100,0,4.08,12,Pants,wine,XXS,1,2,0,40,0,CN
26.0,168,100,1,4.15,20,shirt,black,M,50,7,0,17,0,CN
6.0,6,100,0,3.83,18,dresses,black,XS,3,2,0,23,0,CN
5.78,9,100,1,3.71,28,vest,black,XS,14,2,0,43,0,CN
5.0,7,20000,1,4.13,2409,dresses,winered,S,13,2,0,28,0,CN
5.73,5,100,0,3.86,7,shorts,white,M,50,2,0,42,0,CN
3.83,4,10000,0,3.64,1773,shirt,orange,XS,50,1,0,48,1,CN
7.0,6,100,0,3.69,71,shorts,blue,s,50,2,0,36,0,CN
15.0,13,100,0,4.11,56,shorts,blue,L,50,4,0,41,1,CN
3.92,4,20000,1,3.76,4367,shorts,black,M,7,1,0,36,0,CN
11.0,20,100,0,3.43,14,shirt,white,S,50,2,0,34,0,CN
6.0,6,10,0,4.75,4,dresses,green,XS,5,2,0,25,0,CN
2.65,3,20000,0,3.4,3443,coat,orange,XS,50,1,0,31,0,CN
3.71,4,100,1,3.44,16,shorts,purple,XS,1,1,0,23,0,CN
13.0,26,100,0,3.78,37,dresses,beige,M,50,3,0,41,0,CN
12.0,11,1000,0,3.59,181,coat,black,S,50,3,0,54,0,CN
12.0,168,5000,0,4.09,529,dresses,black,,50,3,0,52,1,CN
6.0,8,10000,1,3.79,1010,dresses,purple,S,50,2,0,6,1,CN
11.0,10,1000,1,4.1,413,Pajamas,red,XS,50,3,0,29,0,CN
5.0,5,100,0,3.75,20,shirt,pink,S,50,2,0,50,0,CN
7.0,6,1000,0,3.19,245,shirt,army green,M,50,2,0,43,1,CN
11.0,10,5000,0,3.56,402,dresses,black,S,50,3,0,41,1,CN
5.65,10,100,1,2.86,7,dresses,black,XXS,1,1,0,41,0,CN
5.85,5,10000,0,3.55,1004,dresses,black,XS,50,2,0,20,0,CN
8.0,85,100,0,4.11,19,beachwear,blue,M,10,3,0,42,0,CN
6.0,6,5000,1,4.13,616,dresses,blue,XS,1,2,0,18,0,CN
11.0,10,100,0,3.96,115,dresses,white & green,S,50,3,0,14,0,CN
14.0,26,5000,0,4.12,437,dresses,white,S,50,3,0,43,0,CN
18.0,76,100,0,3.56,120,dresses,green,XL,9,5,0,41,1,CN
5.0,22,1000,0,3.32,395,dresses,pink,S,50,1,0,39,0,CN
7.0,14,100,0,4.24,50,blouse,red,L,50,2,0,43,0,CN
8.0,65,5000,0,4.14,1366,shirt,black,L,50,2,0,93,0,CN
16.0,14,50,0,3.72,18,shirt,black,2XL,2,5,0,37,0,CN
5.74,5,5000,0,3.9,1179,shirt,green,XS,6,2,0,20,0,CN
8.0,7,10000,0,3.71,2747,Pants,blue,M,50,3,0,43,0,CN
8.0,7,20000,0,3.63,2058,blouse,black,S,50,3,0,43,1,CN
3.0,14,100,0,3.9,51,shirt,grey,S,50,1,0,41,1,CN
2.89,7,50,0,5.0,1,dresses,green,XXS,1,1,0,37,1,CN
2.0,6,1000,0,3.32,121,shorts,red,XS,1,1,0,36,0,CN
9.0,65,1000,1,3.7,162,shorts,red,M,50,3,0,36,1,CN
9.0,9,100,1,5.0,0,dresses,white,S,50,3,0,44,1,CN
11.0,10,5000,0,4.03,756,dresses,white & green,S,50,2,0,14,0,CN
9.0,9,1000,0,4.2,300,beachwear,red,S,30,3,0,40,0,
8.0,10,50,0,3.8,5,dresses,blue,XS,5,2,0,23,1,CN
8.0,140,10000,1,4.17,1910,shirt,blue,S,50,3,0,19,1,CN
5.0,5,1000,1,2.98,102,dresses,pink,XS,2,2,0,20,1,CN
6.0,6,1000,1,3.98,330,shorts,black,XS,50,2,0,26,0,CN
13.0,11,1000,0,4.14,582,dresses,black,S,50,3,0,36,0,CN
11.0,10,1000,0,3.97,212,dresses,red,XS,50,3,0,21,0,CN
5.0,5,1000,1,4.13,103,shirt,winered,S,50,2,0,48,0,CN
9.0,8,1000,1,4.24,192,Pajamas,violet,XS,50,3,0,28,0,CN
12.0,11,100,0,3.6,30,dresses,black,M,50,3,0,38,1,
5.75,25,1000,0,3.67,117,vest,yellow,S,50,2,0,25,0,CN
11.0,16,100,1,2.92,12,coat,winered,S,50,2,0,16,0,US
11.0,102,1000,1,4.15,674,shirt,black,S,33,3,0,41,0,CN
11.0,47,100,0,4.39,23,dresses,army green,4XL,50,3,0,40,0,CN
7.0,6,100,0,3.83,18,coat,black,XXS,1,2,0,26,1,CN
2.9,3,100,1,3.89,19,shorts,black,XS,6,1,0,139,0,CN
8.0,9,10000,0,3.95,903,shirt,winered,S,11,2,0,39,1,CN
2.81,33,50,0,3.64,14,shirt,purple,XS,1,1,0,43,1,CN
2.0,2,100,1,4.15,34,shorts,white,,50,1,0,48,1,CN
8.0,7,100,0,4.2,10,dresses,white & green,XS,4,3,0,20,0,CN
5.86,59,1000,1,4.06,223,shirt,pink,XS,6,1,0,41,0,CN
11.0,26,1000,0,3.95,596,Pajamas,rosered,XXL,50,2,0,33,1,CN
2.67,67,10,0,5.0,0,others,purple,,5,1,0,27,0,CN
13.0,68,5000,0,3.79,1095,beachwear,black,S,50,3,0,66,1,US
5.65,10,100,1,2.86,7,dresses,black,XXS,1,1,0,41,1,CN
8.0,7,100,0,4.04,139,dresses,purple,XS,1,2,0,37,0,CN
14.0,102,1000,0,4.18,197,dresses,yellow,L,50,4,0,40,0,CN
11.0,60,1000,1,3.38,37,dresses,white,s,49,2,0,25,0,CN
7.0,23,10000,0,3.98,2159,shirt,black,XS,50,2,0,40,1,CN
11.0,10,10000,1,3.86,2102,shirt,multicolor,XS,50,2,0,39,0,CN
9.0,31,1000,1,3.92,317,shirt,red,S,50,3,0,34,0,CN
8.0,84,10000,0,4.19,3679,beachwear,black,M,50,3,0,37,0,CN
8.0,7,100,0,4.39,23,shirt,blue,XS,4,2,0,20,1,CN
11.0,84,100,0,3.65,31,dresses,black,M,50,2,0,34,0,US
15.0,13,50,1,4.4,10,shirt,green,S,2,4,0,36,0,CN
16.0,14,100,1,3.44,27,shirt,black,M,50,4,0,35,0,VE
5.0,5,5000,1,2.94,667,shirt,white,S,50,2,0,25,0,CN
13.0,85,100,0,4.11,47,dresses,brown,S,50,3,0,40,1,CN
16.0,14,100,1,3.73,89,dresses,yellow,M,50,5,0,41,1,CN
1.0,10,100,0,3.56,52,dresses,white,XXS,2,1,0,40,0,
9.0,14,20000,1,3.31,3344,dresses,white,S,50,3,0,33,0,CN
14.0,12,1000,0,4.26,429,beachwear,multicolor,S,50,3,0,22,1,CN
6.0,17,6,0,5.0,0,shirt,white,XS,10,2,0,43,0,CN
7.0,6,100,0,2.75,4,dresses,yellow,XS,9,2,0,24,1,CN
11.0,10,5000,0,3.91,487,shirt,green,M,50,2,0,52,0,CN
1.72,2,100,1,3.77,30,shirt,fluorescentgreen,XS,10,1,0,48,1,CN
5.67,5,20000,0,3.63,7242,blouse,white,,50,1,0,40,1,
6.0,8,100,1,3.31,13,shirt,blue,XS,2,2,0,40,0,CN
6.0,7,100,1,4.31,13,shirt,black,XS,4,2,0,41,0,CN
12.0,102,100,1,4.11,75,dresses,navy,S,50,3,0,40,0,CN
11.0,59,100,1,3.61,28,dresses,black,M,50,3,0,40,0,CN
11.0,10,1000,1,3.58,483,dresses,blue,XXS,19,3,0,38,0,CN
8.0,7,1000,0,3.76,843,beachwear,black,L,50,3,0,37,0,CN
5.0,24,100,0,3.7,10,shorts,green,XS,4,1,0,42,0,CN
4.0,4,100,1,4.5,2,dresses,pink,XS,1,1,0,20,0,CN
11.0,43,10000,0,3.28,2521,beachwear,black,M,50,3,0,35,0,CN
12.0,11,50,0,4.24,17,shirt,black,XS,50,3,0,36,0,CN
11.0,17,5000,0,3.26,692,dresses,red,XS,50,3,0,37,1,CN
8.0,7,50,0,3.88,8,dresses,yellow,XS,1,2,0,25,1,CN
7.0,7,10000,0,3.85,1193,beachwear,blue,XS,50,2,0,31,1,CN
8.0,11,100,0,3.87,91,beachwear,red,XXS,43,3,0,25,0,CN
1.88,25,100,1,4.46,26,shirt,white,XS,41,1,0,43,0,CN
11.0,10,1000,0,4.32,269,shirt,black,L,50,2,0,54,0,CN
9.0,135,100,0,3.55,33,shirt,white,S,50,3,0,39,0,CN
3.88,5,10000,0,3.66,585,dresses,red,S,50,1,0,41,0,CN
8.0,11,100,0,2.81,21,coat,winered,S,50,2,0,17,0,CN
5.65,6,1000,1,3.96,164,blouse,black,M,17,2,0,23,1,CN
8.0,65,100,0,3.97,29,shorts,white,S,1,2,0,33,1,CN
2.0,2,10,0,4.8,5,dresses,white,XXS,2,1,0,35,0,CN
12.0,13,1000,0,4.25,215,dresses,pink,S,50,3,0,40,0,CN
1.66,2,100,1,3.75,20,blouse,purple,XS,2,1,0,26,0,CN
7.0,6,1000,0,3.27,601,dresses,white,S,10,2,0,9,0,CN
8.0,20,1000,0,3.12,341,dresses,blue,S,50,2,0,138,0,CN
9.0,8,1000,1,4.03,248,shirt,blue,XS,2,3,0,45,0,GB
8.0,7,1000,1,3.69,294,shorts,white,S,50,2,0,36,0,CN
14.0,107,1000,1,4.38,425,coat,white,M,50,4,0,10,0,CN
8.0,13,1000,0,4.39,574,vest,grey,M,50,3,0,52,0,CN
11.0,43,10000,1,3.98,397,shorts,blue,S,50,2,0,43,0,CN
8.0,8,10000,1,3.61,2187,dresses,blue,XXS,20,2,0,38,0,CN
11.0,10,1000,1,3.69,113,dresses,pink,XS,10,3,0,20,0,CN
12.0,93,1000,1,4.1,534,Pants,black,S,50,3,0,40,1,CN
2.0,9,100,1,3.67,12,shirt,rose,XS,1,1,0,41,1,CN
8.0,7,100,1,3.37,19,coat,blue,S,50,3,0,41,1,CN
8.0,59,100,1,4.05,114,shirt,yellow,XXS,40,3,0,18,0,US
5.0,9,100,0,4.08,13,shirt,black,XS,20,2,0,43,0,CN
5.0,48,100,1,4.07,30,beachwear,green,XS,50,2,0,45,0,CN
13.0,34,100,0,3.74,54,dresses,yellow,XS,50,3,0,41,1,CN
7.0,34,5000,0,3.81,192,shirt,black,XS,6,2,0,43,0,CN
2.0,2,10,0,4.8,5,dresses,white,XXS,2,1,0,35,1,CN
8.0,10,100,0,4.07,58,dresses,white & green,XS,3,2,0,23,0,CN
8.0,7,100,0,2.0,2,coat,black,XXS,46,3,0,41,0,CN
8.0,252,1000,1,3.88,161,dresses,black,XS,14,3,0,41,0,CN
12.0,11,1000,0,3.7,647,coat,black,S,50,3,0,24,0,CN
2.0,4,100,1,3.1,30,dresses,pink,XXS,1,1,0,40,0,CN
11.0,83,1000,0,3.63,118,shirt,black,M,50,3,0,42,0,CN
8.0,7,10000,1,4.14,2604,shirt,black,S,50,2,0,42,1,CN
16.0,50,100,0,3.93,46,dresses,black,XS,18,5,0,32,0,CN
8.0,68,8,0,5.0,0,dresses,white,S,50,3,0,43,0,CN
9.0,8,5000,1,4.41,1153,dresses,lightyellow,M,20,3,0,36,0,CN
11.0,38,5000,0,4.11,377,accessory,yellow,XS,2,2,0,28,0,CN
8.0,7,5000,1,3.71,346,dresses,pink,S,50,3,0,50,0,CN
8.0,50,5000,1,4.26,1057,shirt,pink,S,50,3,0,27,1,CN
11.0,10,10000,0,3.65,2422,shirt,white,S,50,3,0,46,0,CN
11.0,85,50,1,4.0,7,shirt,white,XS,8,3,0,36,1,CN
17.0,75,1000,0,4.18,479,coat,black,S,50,5,0,60,0,CN
7.0,68,10,0,1.5,2,dresses,white,S,50,2,0,43,1,CN
2.8,3,1000,1,3.4,78,dresses,yellow,XS,8,1,0,20,0,CN
8.0,7,50,1,3.43,7,shorts,grey,S,50,3,0,15,0,CN
5.89,5,100,1,4.15,48,dresses,black,XS,2,1,0,30,1,CN
8.0,7,1000,0,3.4,94,dresses,grey,S,50,3,0,37,1,CN
1.0,1,100,1,3.17,6,shorts,red,L,50,1,0,16,0,CN
8.0,7,100,1,3.86,28,Pajamas,red,XS,2,3,0,28,0,CN
16.0,14,10000,0,3.87,770,dresses,navy,S,50,4,0,41,0,CN
2.71,3,100,1,4.33,12,dresses,white,XXS,2,1,0,37,1,CN
8.0,7,10000,1,3.7,2441,shirt,white,S,50,3,0,41,1,CN
16.0,34,5000,1,4.28,1612,dresses,black,M,9,5,0,39,1,CN
5.0,5,1000,0,3.85,279,dresses,blue,XS,1,2,0,29,0,CN
11.0,26,5000,1,4.04,1571,dresses,White,M,50,3,0,46,0,CN
6.0,6,1000,1,3.68,895,dresses,black,XXS,5,2,0,39,0,CN
4.88,25,1000,0,4.0,16,blouse,white,XS,4,1,0,41,0,CN
16.0,14,20000,0,4.27,2859,beachwear,black,M,50,5,0,10,0,CN
11.0,75,1000,1,3.43,70,dresses,purple,S,50,3,0,25,0,CN
6.0,34,1000,0,3.41,106,beachwear,pink,S,50,2,0,43,0,CN
5.0,25,1000,0,3.64,44,accessory,blue,,50,2,0,43,0,CN
6.0,10,10000,0,4.06,1496,shirt,black,S,50,2,0,25,1,CN
6.0,6,1000,1,3.15,170,beachwear,white,,50,2,0,62,0,CN
14.0,139,10000,1,4.26,2107,shirt,blue,S,50,4,0,44,1,CN
9.0,17,100,1,4.18,34,shirt,purple,XS,19,3,0,27,0,CN
5.0,5,5000,1,4.1,478,shirt,purple,S,1,2,0,35,0,CN
7.0,6,20000,1,4.22,2019,blouse,lightgreen,S,50,2,0,36,1,CN
9.0,11,100,0,4.4,15,shorts,purple,S,50,3,0,43,0,CN
15.0,13,1000,1,3.5,497,dresses,black,XS,50,4,0,41,1,CN
7.0,6,1000,0,3.75,68,shirt,black,XS,41,2,0,135,0,CN
13.0,11,1000,0,3.97,289,dresses,white,L,50,3,0,54,0,CN
4.0,4,5000,0,4.19,999,shirt,grey,S,50,1,0,41,0,CN
8.0,7,1000,0,3.61,233,dresses,pink,XS,1,2,0,26,0,CN
14.0,84,1000,0,3.27,130,dresses,army green,S,50,4,0,40,0,CN
8.0,31,1000,1,4.12,155,shirt,white,S,50,2,0,43,0,CN
1.68,2,100,1,3.67,12,dresses,white,XXS,1,1,0,40,1,CN
11.0,10,10000,0,4.16,1780,blouse,black,S,5,2,0,72,0,CN
6.0,6,100,1,5.0,2,coat,black,XS,1,2,0,27,0,CN
5.85,43,100,1,3.67,45,shirt,multicolor,3XL,50,1,0,45,0,CN
5.71,84,20000,0,3.9,4657,beachwear,blue,XL,50,2,0,47,1,CN
9.0,84,1000,0,4.3,420,shirt,black,M,50,3,0,43,1,CN
12.0,11,5000,0,3.6,518,shirt,pink,XS,50,3,0,43,0,CN
5.0,5,20000,0,4.19,7773,dresses,black,M,9,1,0,38,0,CN
9.0,8,100,0,4.5,8,coat,army green,S,50,3,0,46,0,CN
8.0,59,100,1,4.05,114,shirt,yellow,XXS,40,3,0,18,1,US
9.0,13,5000,1,3.75,1017,shorts,black,S,50,3,0,36,0,CN
7.0,13,1000,1,3.74,54,shirt,pink,S,50,2,0,41,1,CN
7.0,6,100,0,3.36,11,dresses,blue,XS,50,2,0,21,0,CN
15.0,13,1000,0,3.88,854,shorts,blue,S,50,4,0,40,0,CN
16.0,108,10000,1,4.25,1524,dresses,red,L,50,4,0,40,1,CN
8.0,42,5000,0,4.47,1038,shirt,black,M,50,3,0,48,0,CN
9.0,8,5000,1,4.08,1052,dresses,black,S,50,3,0,33,0,CN
8.0,7,5000,0,4.3,830,shorts,multicolor,S,50,3,0,36,1,CN
9.0,8,5000,0,4.08,1336,dresses,blue,S,3,3,0,36,0,CN
11.0,10,5000,0,3.56,402,dresses,black,S,50,3,0,41,0,CN
4.67,4,100,1,2.88,82,shorts,blue,XS,5,1,0,25,1,CN
11.0,76,1000,0,4.23,474,shirt,black,M,50,2,0,43,0,CN
8.0,7,1000,1,3.41,64,shirt,dustypink,S,1,3,0,36,0,CN
8.0,9,1000,0,4.22,117,shirt,purple,M,50,3,0,41,0,CN
8.0,7,5000,1,3.6,983,dresses,red,XS,4,3,0,139,0,CN
8.0,7,20000,0,3.92,3080,dresses,blue,S,50,3,0,20,0,CN
6.0,22,1000,1,4.45,47,shirt,red,S,1,2,0,41,1,CN
2.69,3,100,0,5.0,1,vest,purple,XS,50,1,0,43,0,CN
1.67,2,100,1,3.59,32,shirt,orange,XXS,2,1,0,43,0,US
6.0,11,100,0,3.0,4,dresses,white,S,50,2,0,17,0,CN
8.0,7,5000,1,3.66,581,shirt,white,S,50,2,0,32,1,CN
9.0,8,5000,1,3.8,501,shirt,white,M,50,3,0,43,1,CN
3.0,17,5000,0,4.17,788,blouse,blue,,50,1,0,21,0,CN
2.71,3,100,1,4.33,12,dresses,white,XXS,2,1,0,37,0,CN
1.0,8,50,0,3.75,4,dresses,white,XXS,1,1,0,39,0,CN
6.0,7,50,1,4.0,4,dresses,blue,S,50,2,0,45,1,CN
16.0,84,100,0,3.41,27,dresses,black,S,50,4,0,39,0,CN
5.0,5,5000,0,3.76,669,shirt,white,S,18,2,0,48,1,CN
11.0,10,100,1,2.77,26,dresses,pink,XS,3,2,0,49,0,CN
7.0,7,1000,0,4.02,636,shirt,white,S,50,2,0,41,0,CN
3.81,4,1000,0,3.48,101,dresses,black,XS,1,1,0,37,0,CN
11.0,10,100,1,4.14,37,dresses,red,M,50,3,0,41,0,CN
6.0,6,100,1,3.99,160,dresses,coffee,XXS,5,2,0,38,0,CN
9.0,34,100,1,3.14,28,dresses,blue,XS,50,3,0,40,0,CN
5.0,48,100,1,4.07,30,beachwear,green,XS,50,2,0,45,1,CN
8.0,8,10000,0,4.3,1858,shirt,blue,S,50,3,0,41,0,CN
8.0,59,100,0,3.78,45,dresses,green,XS,5,3,0,41,0,CN
13.0,34,100,0,3.74,54,dresses,yellow,XS,50,3,0,41,0,CN
11.0,47,100,0,4.39,23,dresses,army green,4XL,50,3,0,40,1,CN
15.0,13,5000,1,3.73,1072,coat,green,S,50,4,0,28,0,CN
11.0,10,100,1,4.0,29,dresses,black,S,50,2,0,39,0,CN
6.0,17,5000,0,4.24,1650,shirt,white,S,50,2,0,44,0,CN
5.66,5,1000,0,4.21,217,shirt,black,XXL,50,2,0,35,1,CN
6.0,7,10000,0,3.75,1238,Pants,black,XS,50,2,0,31,1,CN
8.0,84,50000,0,3.6,18463,shirt,,S,50,3,0,36,1,CN
7.0,9,10000,1,4.19,1378,shirt,green,S,10,2,0,43,1,CN
14.0,50,100,1,5.0,0,shorts,blue,S,8,3,0,43,0,CN
8.0,7,1000,0,4.05,152,dresses,white,XS,50,2,0,24,0,CN
9.0,8,10000,0,4.03,3024,dresses,white,M,50,3,0,38,1,CN
7.0,22,100,0,4.46,52,shirt,grey,M,50,2,0,51,0,US
5.0,9,100,1,4.67,6,accessory,,B,50,2,0,140,0,CN
3.81,59,5000,0,3.74,1444,coat,winered,S,50,1,0,41,0,CN
4.93,5,1000,1,3.36,83,vest,pink,S,50,1,0,45,0,CN
11.0,10,10000,1,4.05,1479,shirt,black,M,50,2,0,45,0,CN
6.0,6,1000,1,3.68,895,dresses,black,XXS,5,2,0,39,1,CN
16.0,14,5000,1,3.34,687,dresses,orange,S,20,4,0,26,0,US
9.0,8,1000,0,4.07,201,shirt,black,M,50,3,0,55,0,US
8.0,22,100,1,4.6,10,shirt,white,XXS,50,2,0,24,0,CN
8.0,11,10000,1,3.82,1715,Pajamas,white,M,50,2,0,37,0,CN
5.0,41,100,1,3.67,6,shirt,black,XS,1,2,0,43,0,CN
5.0,8,5000,1,3.51,747,shorts,grey,XS,1,2,0,40,0,CN
14.0,51,1000,0,3.73,445,shirt,white,S,50,3,0,43,0,CN
14.0,14,1,0,5.0,0,shorts,darkgreen,XXS,5,4,0,27,0,CN
2.8,3,100,1,3.17,6,dresses,grey,XS,10,1,0,44,0,CN
8.0,108,10000,0,3.96,1559,shirt,white,S,50,2,0,41,0,CN
9.0,8,5000,0,3.47,593,dresses,yellow,S,50,3,0,32,0,CN
8.0,7,10000,1,3.62,2069,shorts,black,5XL,50,3,0,38,0,CN
16.0,88,100,0,3.67,9,coat,black,M,50,4,0,32,0,CN
6.0,11,100,0,3.0,4,dresses,white,S,50,2,0,17,1,CN
7.0,6,10000,0,3.88,2427,shirt,pink,S,50,2,0,48,0,CN
7.0,50,5000,0,4.02,1046,dresses,watermelonred,S,50,2,0,43,1,CN
6.0,76,1000,0,3.61,613,shorts,beige,S,50,2,0,41,0,CN
8.0,7,1000,1,3.52,118,shorts,pink,S,50,3,0,39,0,CN
8.0,7,20000,1,4.17,3090,shirt,army green,S,21,3,0,41,0,CN
14.0,12,5000,0,3.94,1863,dresses,pink,S,50,4,0,41,0,CN
4.67,4,10000,1,3.92,2151,shorts,blue,XL,50,1,0,138,1,CN
1.8,2,1000,1,4.2,15,shorts,orange,XS,1,1,0,41,0,CN
5.9,5,5000,1,3.5,425,dresses,purple,XXS,50,2,0,58,1,CN
12.0,11,20000,0,4.15,5351,dresses,yellow,L,50,3,0,36,0,CN
5.0,5,20000,0,4.07,7753,dresses,grey,S,50,2,0,32,0,CN
14.0,43,1000,1,4.05,167,beachwear,leopard,S,50,3,0,43,1,CN
12.0,76,20000,0,4.17,2477,dresses,floral,L,50,3,0,38,0,CN
13.0,11,100,0,3.22,9,dresses,applegreen,L,50,3,0,41,0,CN
6.0,6,10000,1,3.96,661,shirt,grey,S,50,2,0,35,0,CN
9.0,51,5000,0,4.11,283,shirt,black,S,50,3,0,43,1,CN
15.0,13,20000,0,4.34,3845,beachwear,white,M,50,4,0,10,0,CN
8.0,10,100,0,3.5,6,dresses,yellow,XS,5,2,0,20,0,CN
7.0,7,1000,0,3.67,214,vest,red,S,7,2,0,41,0,CN
8.0,7,5000,1,3.99,219,dresses,purple,M,17,3,0,23,0,CN
2.0,2,100,1,2.44,9,dresses,army green,XXXS,50,1,0,42,0,CN
8.0,11,1000,1,3.84,153,shirt,green,S,50,2,0,43,1,CN
11.0,49,100,0,3.73,26,shirt,winered,M,25,2,0,43,0,CN
8.0,7,1000,0,3.5,558,coat,blue,XS,4,2,0,139,0,CN
8.0,7,1000,1,3.52,118,shorts,pink,S,50,3,0,39,1,CN
5.83,64,100,1,3.19,52,dresses,yellow,M,50,2,0,9,0,CN
11.0,17,100,0,4.67,3,vest,red,S,50,2,0,14,1,CN
11.0,10,1000,1,4.34,101,shirt,purple,S,50,2,0,40,0,CN
14.0,12,1000,0,3.7,511,dresses,yellow,S,29,4,0,27,0,CN
27.0,23,50,1,4.25,12,shorts,blue,XS,50,7,0,26,0,CN
4.0,4,10,1,5.0,0,blouse,black,XXS,50,1,0,58,1,CN
16.0,14,10000,0,3.74,3079,blouse,multicolor,S,50,4,0,46,1,CN
11.0,18,20000,1,4.14,5759,blouse,pink,S,50,3,0,46,1,CN
8.0,30,20000,0,3.61,5756,dresses,white,S,50,2,0,42,0,CN
5.77,9,100,0,2.9,62,dresses,pink,S,50,2,0,43,1,CN
11.0,12,10000,0,3.96,666,dresses,grey,S,50,2,0,23,0,CN
9.0,8,1000,1,3.72,489,shorts,white,XXS,5,3,0,38,1,CN
12.0,11,1000,0,3.94,841,dresses,black,S,50,3,0,17,0,CN
5.87,11,1000,1,3.91,209,Pajamas,white,S,6,1,0,29,0,CN
7.0,84,100,1,3.7,46,coat,grey,XS,27,2,0,38,0,CN
8.0,7,1000,0,3.97,200,dresses,blue,S,50,3,0,14,0,CN
7.0,6,1000,1,4.2,107,dresses,white,XS,3,2,0,26,1,CN
8.0,7,100,0,3.83,6,shirt,white,XS,5,2,0,23,0,CN
9.0,8,5000,0,4.28,1120,shirt,black,S,50,3,0,39,0,CN
8.0,7,1000,0,3.4,62,coat,yellow,XS,50,2,0,14,0,CN
2.71,6,100,1,3.4,20,coat,pink,XS,2,1,0,31,1,CN
12.0,87,10000,0,4.11,2404,dresses,white,M,15,3,0,40,0,CN
13.0,72,1000,0,3.99,326,coat,black,S,50,3,0,48,0,CN
3.0,3,5000,0,3.2,1166,vest,white,S,50,1,0,32,0,CN
7.0,6,100,1,3.67,18,shorts,khaki,M,44,2,0,23,0,CN
5.0,5,5000,0,3.2,1185,shirt,green,S,10,2,0,48,0,CN
8.0,7,50,0,4.0,8,shirt,pink,XS,50,3,0,36,0,CN
7.0,6,1000,1,3.98,129,shorts,white,XS,50,2,0,27,0,CN
9.0,76,20000,0,3.55,7088,dresses,green,S,50,3,0,36,0,CN
13.0,11,10000,0,4.12,2901,coat,black,M,50,3,0,36,1,CN
16.0,14,100,1,4.05,82,shirt,white,S,50,5,0,36,0,CN
7.0,25,5000,0,3.5,774,shirt,burgundy,S,2,2,0,27,0,CN
3.87,4,1000,1,3.68,62,blouse,green,XS,1,1,0,40,1,CN
4.93,6,100,0,3.77,47,shorts,red,S,1,1,0,41,0,CN
15.0,92,100,0,3.51,74,dresses,red,L,50,4,0,38,0,CN
5.91,5,1000,0,3.38,414,shirt,White,S,50,2,0,36,1,CN
3.0,8,100,1,3.79,57,Pants,blue,XS,1,1,0,41,1,CN
11.0,134,100,1,3.54,28,dresses,black,S,50,3,0,46,0,CN
8.0,7,20000,1,4.25,3127,coat,black,M,50,2,0,44,0,CN
6.0,9,10000,1,4.08,1367,shirt,blue,S,50,2,0,41,0,CN
2.0,56,100,1,3.07,28,shorts,blue,S,2,1,0,26,1,CN
5.0,19,100,0,3.71,59,shorts,white,S,15,2,0,11,0,CN
13.0,11,100,0,2.5,2,dresses,white,S,36,3,0,29,0,CN
7.0,6,100,1,4.07,14,Pants,red,S,50,2,0,41,0,CN
